passenger_id,bag_number,bag_type,weight_kgs
af1089fa-c928-4719-94ec-4bdb0aa90e8a,1,duffel_bag,23.0
af1089fa-c928-4719-94ec-4bdb0aa90e8a,2,small_suitcase,11.1
5f616a6d-f338-4360-9d7b-3b92196dd350,1,suitcase,43.7
5f616a6d-f338-4360-9d7b-3b92196dd350,2,hat_box,18.8
5f616a6d-f338-4360-9d7b-3b92196dd350,3,wardrobe_trunk,45.2
34ad8431-f090-40d0-a1c9-50fe2cb39979,1,cloth_bundle,22.6
34ad8431-f090-40d0-a1c9-50fe2cb39979,2,cloth_bundle,10.2
3bcdceb3-f1dd-4ef2-a9dc-089c13f54a27,1,jewelry_case,49.0
3bcdceb3-f1dd-4ef2-a9dc-089c13f54a27,2,trunk,22.9
3bcdceb3-f1dd-4ef2-a9dc-089c13f54a27,3,suitcase,31.1
3bcdceb3-f1dd-4ef2-a9dc-089c13f54a27,4,suitcase,36.8
0ee5b915-66c7-42d4-ba2d-5c0703633ccc,1,small_suitcase,22.7
0cd09886-0f40-4df5-9518-10de16c729c8,1,canvas_bag,13.7
0cd09886-0f40-4df5-9518-10de16c729c8,2,small_suitcase,5.8
7972c206-6fc7-42bd-8329-8e7bed602cb8,1,trunk,45.3
7972c206-6fc7-42bd-8329-8e7bed602cb8,2,trunk,29.8
7972c206-6fc7-42bd-8329-8e7bed602cb8,3,wardrobe_trunk,30.0
7972c206-6fc7-42bd-8329-8e7bed602cb8,4,trunk,29.1
8ad3c96c-0a2c-47d4-b41b-f5a76ae9eb6f,1,duffel_bag,13.3
31f5075b-252f-4fe8-9806-472e2e75a34a,1,duffel_bag,17.8
31f5075b-252f-4fe8-9806-472e2e75a34a,2,canvas_bag,5.3
97544845-f25a-48f4-a544-a408eab2ed7a,1,travel_bag,17.4
97544845-f25a-48f4-a544-a408eab2ed7a,2,suitcase,11.4
97544845-f25a-48f4-a544-a408eab2ed7a,3,leather_case,10.1
eea471ef-d405-4d53-8564-bfe633c8bdfa,1,duffel_bag,6.1
95f4c6e2-46fb-436f-b26c-8d8eff9ec158,1,hat_box,31.4
95f4c6e2-46fb-436f-b26c-8d8eff9ec158,2,trunk,43.9
95f4c6e2-46fb-436f-b26c-8d8eff9ec158,3,trunk,26.0
95f4c6e2-46fb-436f-b26c-8d8eff9ec158,4,hat_box,37.7
0daac79f-37ba-422f-92d8-d31b76db2047,1,cloth_bundle,23.1
0daac79f-37ba-422f-92d8-d31b76db2047,2,small_suitcase,16.1
5abc7cb1-bf1a-47cd-ba0e-dfe055d7889d,1,cloth_bundle,5.4
d0720e08-33d9-4635-8013-2bb9742421fa,1,small_suitcase,13.6
41b52864-e390-4d0b-8469-747c55b3c578,1,suitcase,26.9
41b52864-e390-4d0b-8469-747c55b3c578,2,suitcase,19.8
41b52864-e390-4d0b-8469-747c55b3c578,3,travel_bag,13.3
f46a0315-89ad-41e0-a7fe-b54eebea2da6,1,cloth_bundle,8.6
80c7f5a8-4f8c-41a5-bbb4-89f846145185,1,small_trunk,33.5
80c7f5a8-4f8c-41a5-bbb4-89f846145185,2,travel_bag,19.0
7364c7f1-4182-4fd8-b830-306b914cb226,1,canvas_bag,15.3
e2f03352-3802-450d-ab0f-663805545227,1,canvas_bag,7.6
b9cc2f8b-2777-42b3-9a66-9fa3aa3dfe11,1,small_trunk,17.0
b9cc2f8b-2777-42b3-9a66-9fa3aa3dfe11,2,travel_bag,24.2
b9cc2f8b-2777-42b3-9a66-9fa3aa3dfe11,3,suitcase,19.3
9e21084d-4ab4-476f-802b-96ded745b7b2,1,leather_case,22.1
9e21084d-4ab4-476f-802b-96ded745b7b2,2,suitcase,10.6
9e21084d-4ab4-476f-802b-96ded745b7b2,3,small_trunk,23.7
c4b88359-5c4f-4760-aab3-f499a04b51c6,1,small_suitcase,24.0
9f3d2647-569f-43f8-8d5c-2ba6afdeeab0,1,suitcase,44.7
9f3d2647-569f-43f8-8d5c-2ba6afdeeab0,2,jewelry_case,45.2
9f3d2647-569f-43f8-8d5c-2ba6afdeeab0,3,jewelry_case,17.0
1ed737c1-1dce-4ca1-96a3-dd4c95556299,1,small_suitcase,15.7
0ce78cd0-2ca1-408b-ae3d-c4e1bbf013fb,1,cloth_bundle,11.7
79507ff7-7fa6-4c59-9b25-192e87d2458c,1,canvas_bag,16.3
827a11d9-04e9-4074-962b-65339f16ab54,1,suitcase,34.3
827a11d9-04e9-4074-962b-65339f16ab54,2,hat_box,28.3
827a11d9-04e9-4074-962b-65339f16ab54,3,hat_box,48.7
46ddcb61-0c04-47b6-9107-a062a82b41fa,1,small_suitcase,16.1
5e78bb80-9be5-4367-98bb-f59e96c316f4,1,canvas_bag,8.0
5e78bb80-9be5-4367-98bb-f59e96c316f4,2,cloth_bundle,6.8
cf4ff8bc-f064-49a8-bc3b-05cb56c31d92,1,hat_box,40.3
cf4ff8bc-f064-49a8-bc3b-05cb56c31d92,2,wardrobe_trunk,20.8
cf4ff8bc-f064-49a8-bc3b-05cb56c31d92,3,trunk,17.2
14e7668c-c4d6-4cdc-8251-1d5d0f62f3af,1,wardrobe_trunk,28.3
14e7668c-c4d6-4cdc-8251-1d5d0f62f3af,2,jewelry_case,33.5
14e7668c-c4d6-4cdc-8251-1d5d0f62f3af,3,wardrobe_trunk,45.5
8083c78e-a3bd-43dc-ba9b-e0c83af75312,1,duffel_bag,15.5
45d7967a-c215-4735-b145-5d9599102d06,1,small_trunk,19.8
45d7967a-c215-4735-b145-5d9599102d06,2,suitcase,32.4
45d7967a-c215-4735-b145-5d9599102d06,3,small_trunk,21.4
abd59e83-7498-40a1-b250-385e4541c3e2,1,suitcase,29.4
abd59e83-7498-40a1-b250-385e4541c3e2,2,jewelry_case,46.4
abd59e83-7498-40a1-b250-385e4541c3e2,3,suitcase,28.6
40be1512-f7fb-4c42-80a6-c510d55d15c8,1,trunk,31.5
40be1512-f7fb-4c42-80a6-c510d55d15c8,2,wardrobe_trunk,15.5
40be1512-f7fb-4c42-80a6-c510d55d15c8,3,hat_box,21.6
40be1512-f7fb-4c42-80a6-c510d55d15c8,4,hat_box,17.4
40be1512-f7fb-4c42-80a6-c510d55d15c8,5,jewelry_case,35.7
77dd9f59-9055-4531-8678-ab010e17df35,1,cloth_bundle,16.3
29dbeaa4-25bd-44fb-b037-5fab42d8f510,1,duffel_bag,23.9
cacb0b79-dd72-4f75-a4a4-687f1098af74,1,cloth_bundle,9.7
a00737e8-52fc-43af-9675-82d76438b466,1,cloth_bundle,22.6
d4649521-ea99-499e-ae92-718824299df2,1,cloth_bundle,6.9
dde74231-103e-44dd-af35-6f5b13d7dbed,1,leather_case,33.0
dde74231-103e-44dd-af35-6f5b13d7dbed,2,travel_bag,33.9
8afde8cf-b597-4784-8728-aa27ac394e09,1,cloth_bundle,23.3
baf0c757-c7f3-4bcf-aef4-88db7cad1e4a,1,suitcase,21.6
d7ba2ec6-8348-4c88-b685-61bbbcf0440f,1,duffel_bag,5.1
d7ba2ec6-8348-4c88-b685-61bbbcf0440f,2,cloth_bundle,14.9
0d0596f8-b755-4d2b-8785-9d99cab87fc0,1,canvas_bag,20.4
40ac5be0-49eb-4a19-a7bd-5bbbb77a7097,1,canvas_bag,12.6
0ec8adf1-1bd4-476f-b213-82eb38d1f939,1,canvas_bag,19.0
6aa375c9-5329-43f8-b1e7-0b7299c45402,1,duffel_bag,14.9
e0453653-d562-4e83-8eff-7b23499af1cd,1,small_suitcase,18.6
e0453653-d562-4e83-8eff-7b23499af1cd,2,duffel_bag,8.6
70fcffa2-4dfb-4421-ae87-89a26cab62df,1,cloth_bundle,8.0
ca906c3e-37ce-43f6-a465-f45374a0d90c,1,cloth_bundle,6.3
ca906c3e-37ce-43f6-a465-f45374a0d90c,2,duffel_bag,24.8
c941453d-96be-4e28-93e2-4f57159fecea,1,suitcase,18.9
c941453d-96be-4e28-93e2-4f57159fecea,2,hat_box,17.3
c941453d-96be-4e28-93e2-4f57159fecea,3,suitcase,45.2
ae1babd1-fd1a-47e5-bdb9-8592a4c3c2a2,1,leather_case,21.7
ae1babd1-fd1a-47e5-bdb9-8592a4c3c2a2,2,travel_bag,34.7
ae1babd1-fd1a-47e5-bdb9-8592a4c3c2a2,3,small_trunk,16.4
6208f084-a12a-46e8-90b0-783bc25775e4,1,hat_box,23.5
6208f084-a12a-46e8-90b0-783bc25775e4,2,suitcase,19.6
6208f084-a12a-46e8-90b0-783bc25775e4,3,wardrobe_trunk,44.4
dab0b8e1-a724-4bc0-af1b-0c9adc86cfa9,1,trunk,47.2
dab0b8e1-a724-4bc0-af1b-0c9adc86cfa9,2,jewelry_case,33.8
dab0b8e1-a724-4bc0-af1b-0c9adc86cfa9,3,suitcase,48.4
dab0b8e1-a724-4bc0-af1b-0c9adc86cfa9,4,jewelry_case,17.2
dab0b8e1-a724-4bc0-af1b-0c9adc86cfa9,5,jewelry_case,49.1
456a6e7c-5a2f-4bbd-8f6f-cb14f45c70ff,1,suitcase,23.3
456a6e7c-5a2f-4bbd-8f6f-cb14f45c70ff,2,leather_case,23.2
07a00ab5-eee7-4272-91c8-0aa7e4729309,1,cloth_bundle,9.8
07a00ab5-eee7-4272-91c8-0aa7e4729309,2,canvas_bag,14.1
885c5793-4f04-4d9d-aa8b-567ecfa8f22f,1,suitcase,19.9
885c5793-4f04-4d9d-aa8b-567ecfa8f22f,2,suitcase,13.0
e68d0f60-2335-4e90-bf0a-f2d2e1108447,1,small_suitcase,3.3
eb8a092b-510e-4017-a655-7c5c7af425fb,1,cloth_bundle,17.2
eb8a092b-510e-4017-a655-7c5c7af425fb,2,small_suitcase,13.4
585c79af-846c-4853-866e-36900e79d7b3,1,suitcase,41.6
585c79af-846c-4853-866e-36900e79d7b3,2,wardrobe_trunk,34.2
585c79af-846c-4853-866e-36900e79d7b3,3,jewelry_case,44.4
585c79af-846c-4853-866e-36900e79d7b3,4,wardrobe_trunk,25.6
5da72f87-af29-4bbc-9241-cd17201b3cb7,1,trunk,45.0
5da72f87-af29-4bbc-9241-cd17201b3cb7,2,suitcase,45.5
5da72f87-af29-4bbc-9241-cd17201b3cb7,3,hat_box,31.3
5da72f87-af29-4bbc-9241-cd17201b3cb7,4,trunk,45.2
5da72f87-af29-4bbc-9241-cd17201b3cb7,5,trunk,46.5
28e45d89-9e22-423e-8fca-d337b294ebbe,1,canvas_bag,10.0
b6dd6533-8864-41c8-9fc0-a317ffc875d9,1,hat_box,31.0
b6dd6533-8864-41c8-9fc0-a317ffc875d9,2,wardrobe_trunk,15.9
b6dd6533-8864-41c8-9fc0-a317ffc875d9,3,hat_box,28.5
b6dd6533-8864-41c8-9fc0-a317ffc875d9,4,suitcase,36.8
b6dd6533-8864-41c8-9fc0-a317ffc875d9,5,suitcase,29.1
33c98a98-c096-4694-91e0-3aa062f7df00,1,duffel_bag,9.1
33c98a98-c096-4694-91e0-3aa062f7df00,2,canvas_bag,20.1
929ad580-2688-4f34-bf0d-71a05615b088,1,leather_case,19.2
929ad580-2688-4f34-bf0d-71a05615b088,2,travel_bag,28.1
929ad580-2688-4f34-bf0d-71a05615b088,3,suitcase,32.6
4ea9c9a6-b569-4411-8822-de5610d7aaf8,1,canvas_bag,9.2
840c8665-cc61-4823-bdc6-e266667b5972,1,small_suitcase,15.6
2f4ca325-3fb9-45e7-90b4-4556d0b61cb9,1,duffel_bag,9.9
2f4ca325-3fb9-45e7-90b4-4556d0b61cb9,2,cloth_bundle,11.9
c9d8b34c-6c63-4621-8c65-0fcd7d74de5c,1,small_trunk,13.9
c9d8b34c-6c63-4621-8c65-0fcd7d74de5c,2,travel_bag,15.3
39f56c66-e94b-4763-a87a-13d3b0a07612,1,duffel_bag,21.7
39f56c66-e94b-4763-a87a-13d3b0a07612,2,cloth_bundle,17.7
64e107ff-c530-4036-909c-032545755c65,1,leather_case,17.2
64e107ff-c530-4036-909c-032545755c65,2,travel_bag,14.0
b85ba599-d6ee-4d03-a0d5-26dea5f9a765,1,small_suitcase,19.8
e6df903c-75da-474d-999d-5a96e1f0b42a,1,canvas_bag,7.9
72091778-1bc6-480a-8e98-6c866cfc1f90,1,duffel_bag,11.4
72091778-1bc6-480a-8e98-6c866cfc1f90,2,duffel_bag,22.5
07c71a22-da4b-4de4-a3d0-f84c77c3fe71,1,canvas_bag,19.8
07c71a22-da4b-4de4-a3d0-f84c77c3fe71,2,small_suitcase,11.6
8854c224-1569-4d42-b039-39c8fab56a13,1,cloth_bundle,16.4
e0aaeef1-ff54-4785-b81c-c6f98dd52bd6,1,suitcase,21.1
e9aa324d-7416-4ca1-a521-9f5c31a99005,1,duffel_bag,10.9
46c34c9f-dc96-4d9c-bafa-20343e6631aa,1,canvas_bag,6.3
12e18756-8d18-4a63-b048-3f26f8285a6d,1,cloth_bundle,8.9
12e18756-8d18-4a63-b048-3f26f8285a6d,2,duffel_bag,22.0
98ac6149-adde-4631-b20d-6cdff49506a7,1,canvas_bag,5.5
98ac6149-adde-4631-b20d-6cdff49506a7,2,cloth_bundle,11.9
52963c54-8c61-4bde-8e4c-73e0faa76d1a,1,hat_box,28.0
52963c54-8c61-4bde-8e4c-73e0faa76d1a,2,suitcase,47.4
52963c54-8c61-4bde-8e4c-73e0faa76d1a,3,trunk,25.7
52963c54-8c61-4bde-8e4c-73e0faa76d1a,4,trunk,19.6
74689c11-70b5-4ec3-b646-c191c63adb4a,1,small_trunk,13.9
74689c11-70b5-4ec3-b646-c191c63adb4a,2,suitcase,20.6
892a4d1b-a5e1-484f-b570-7dc1afbe56f0,1,canvas_bag,24.9
892a4d1b-a5e1-484f-b570-7dc1afbe56f0,2,duffel_bag,8.0
ca6a505b-30d3-4969-80f8-e54b7080a6f8,1,small_suitcase,17.4
2956febd-4da9-4c39-b689-84803dbbca57,1,canvas_bag,8.0
7b102a9b-d25d-4eba-b7d0-d3c29129515e,1,suitcase,32.2
7b102a9b-d25d-4eba-b7d0-d3c29129515e,2,hat_box,16.1
7b102a9b-d25d-4eba-b7d0-d3c29129515e,3,hat_box,40.7
e4a75e76-0b31-4ed2-902d-39abfc5a1b41,1,duffel_bag,20.7
5d08e5f0-8c77-4aa9-b20d-05eacc82a117,1,canvas_bag,9.0
a938bd6a-252e-4c54-b533-03da40fa2d4c,1,canvas_bag,22.2
976485ec-87e8-435b-90f7-bed832e5d856,1,hat_box,35.7
976485ec-87e8-435b-90f7-bed832e5d856,2,wardrobe_trunk,40.5
976485ec-87e8-435b-90f7-bed832e5d856,3,suitcase,46.2
0d73dbb3-621a-4fe6-ae08-d2eb0e7fe00e,1,cloth_bundle,5.4
0d73dbb3-621a-4fe6-ae08-d2eb0e7fe00e,2,duffel_bag,5.7
cb3bb976-e33e-410d-915e-e97793ca930c,1,cloth_bundle,11.2
cb3bb976-e33e-410d-915e-e97793ca930c,2,duffel_bag,23.6
750b4cc0-989b-4b82-ac26-bccd4753d7f2,1,canvas_bag,11.5
2f1dda51-0f77-4c55-b978-59642c875aa6,1,suitcase,49.3
2f1dda51-0f77-4c55-b978-59642c875aa6,2,wardrobe_trunk,33.6
2f1dda51-0f77-4c55-b978-59642c875aa6,3,jewelry_case,41.1
2f1dda51-0f77-4c55-b978-59642c875aa6,4,trunk,19.7
f9cb96a8-0e19-4f75-8ae6-77ba665a4d82,1,hat_box,22.2
f9cb96a8-0e19-4f75-8ae6-77ba665a4d82,2,suitcase,25.5
f9cb96a8-0e19-4f75-8ae6-77ba665a4d82,3,suitcase,45.2
8ce55c96-d8ea-48e3-8d6d-b76edc5f905d,1,leather_case,30.4
8ce55c96-d8ea-48e3-8d6d-b76edc5f905d,2,leather_case,31.4
8ce55c96-d8ea-48e3-8d6d-b76edc5f905d,3,small_trunk,22.3
1ae8b5c8-156f-494a-b852-e2c1587f8919,1,small_trunk,24.9
1ae8b5c8-156f-494a-b852-e2c1587f8919,2,suitcase,21.5
f4d1b21f-91af-42b1-92ae-c6dc14e2f135,1,cloth_bundle,24.0
f4d1b21f-91af-42b1-92ae-c6dc14e2f135,2,duffel_bag,8.1
33effb3d-480e-4461-a14d-e9a6c94c953c,1,canvas_bag,22.5
33effb3d-480e-4461-a14d-e9a6c94c953c,2,canvas_bag,16.0
842ce610-cedc-401f-9fc6-0eeaed6f62d9,1,trunk,30.9
842ce610-cedc-401f-9fc6-0eeaed6f62d9,2,suitcase,44.1
842ce610-cedc-401f-9fc6-0eeaed6f62d9,3,wardrobe_trunk,33.6
842ce610-cedc-401f-9fc6-0eeaed6f62d9,4,hat_box,35.3
c1da0078-a66d-4bfa-9b48-494da107b478,1,small_suitcase,20.5
96784015-28ff-4a29-8061-2fa4b1aecbfc,1,cloth_bundle,7.6
52ede9ed-44c7-47e7-9dfa-f368da614c2d,1,duffel_bag,9.8
874d4f64-2319-4df9-9fa9-c32b2b7b4f69,1,canvas_bag,12.0
e94fc7fc-31b1-495b-8f73-2b2fa1de184c,1,small_suitcase,9.6
e94fc7fc-31b1-495b-8f73-2b2fa1de184c,2,small_suitcase,16.7
1eee7004-e746-4576-9202-b0a5c19d3312,1,duffel_bag,23.4
1eee7004-e746-4576-9202-b0a5c19d3312,2,duffel_bag,17.8
a013772f-93cb-430a-b86c-16c97ae298f0,1,small_suitcase,23.8
a013772f-93cb-430a-b86c-16c97ae298f0,2,duffel_bag,11.5
731d8ce9-c5dd-4a06-b488-78d81dd7d5ff,1,wardrobe_trunk,40.2
731d8ce9-c5dd-4a06-b488-78d81dd7d5ff,2,hat_box,34.5
731d8ce9-c5dd-4a06-b488-78d81dd7d5ff,3,suitcase,40.1
4b7a7bec-bd8d-4e27-829d-3fafc51448ea,1,cloth_bundle,7.0
ccbab1d3-1402-41de-9a1c-64fabf2c9c9d,1,canvas_bag,16.3
a2ea798f-e8f4-419e-b99d-b80211211f94,1,canvas_bag,12.0
751228af-19b3-4ff8-8c43-32191ce33a72,1,canvas_bag,9.1
751228af-19b3-4ff8-8c43-32191ce33a72,2,canvas_bag,22.2
e4c7b64e-37fd-4fd6-b1e4-2c7c0910af4a,1,duffel_bag,23.6
054c3dcf-26ba-420f-80f7-261499784b84,1,canvas_bag,12.2
581b8975-6b97-416b-81e0-6edc02b45e33,1,suitcase,34.7
581b8975-6b97-416b-81e0-6edc02b45e33,2,travel_bag,32.5
581b8975-6b97-416b-81e0-6edc02b45e33,3,leather_case,32.2
e8281711-bced-43bc-98d1-0e84e121a133,1,suitcase,38.7
e8281711-bced-43bc-98d1-0e84e121a133,2,trunk,31.2
e8281711-bced-43bc-98d1-0e84e121a133,3,suitcase,39.4
e8281711-bced-43bc-98d1-0e84e121a133,4,trunk,16.5
e8281711-bced-43bc-98d1-0e84e121a133,5,wardrobe_trunk,21.2
3303d873-fe93-48a1-9195-3c506411faab,1,small_suitcase,13.3
39d49580-dd0d-4e42-af4c-2a0b2819ec03,1,leather_case,29.4
39d49580-dd0d-4e42-af4c-2a0b2819ec03,2,small_trunk,24.3
40e02932-8f64-44f4-b4c7-3a98e7375467,1,duffel_bag,21.6
b2bb29dc-c460-49ec-8e15-b2056fed6d98,1,leather_case,31.3
b2bb29dc-c460-49ec-8e15-b2056fed6d98,2,travel_bag,33.0
61f54301-782c-4189-a5e9-7dfe3c3061e1,1,leather_case,28.7
61f54301-782c-4189-a5e9-7dfe3c3061e1,2,small_trunk,33.3
f326e319-e3f1-4e1f-863b-e6bbb148bfc5,1,suitcase,17.7
f326e319-e3f1-4e1f-863b-e6bbb148bfc5,2,wardrobe_trunk,47.9
f326e319-e3f1-4e1f-863b-e6bbb148bfc5,3,suitcase,30.4
f326e319-e3f1-4e1f-863b-e6bbb148bfc5,4,suitcase,44.3
f326e319-e3f1-4e1f-863b-e6bbb148bfc5,5,jewelry_case,20.0
b80864ad-1723-4f5d-b298-c19df178c941,1,cloth_bundle,6.7
b80864ad-1723-4f5d-b298-c19df178c941,2,canvas_bag,24.8
f8339cb4-3bde-4677-9d83-3996ed8f925f,1,duffel_bag,17.1
f8339cb4-3bde-4677-9d83-3996ed8f925f,2,cloth_bundle,24.4
e2563f00-8823-43f7-8dd5-b5bc1f77ffb9,1,cloth_bundle,5.5
ba6fd484-6b6e-4b16-ac25-745fd3a9a4e5,1,cloth_bundle,19.4
b2ba5305-3931-4874-aa64-fcbd7b71a600,1,canvas_bag,6.0
b2ba5305-3931-4874-aa64-fcbd7b71a600,2,canvas_bag,16.1
62c5e87d-963a-455a-aef6-d6aae989435d,1,duffel_bag,24.3
62c5e87d-963a-455a-aef6-d6aae989435d,2,cloth_bundle,24.8
a7bfd8f5-41a7-4903-942a-9aad73530e27,1,duffel_bag,12.6
d4ceb3f7-c206-4dab-85db-85a94987d541,1,cloth_bundle,7.8
d4ceb3f7-c206-4dab-85db-85a94987d541,2,cloth_bundle,22.0
9066bdf1-522f-47ec-91c6-04a5cb6acf42,1,leather_case,31.9
9066bdf1-522f-47ec-91c6-04a5cb6acf42,2,leather_case,11.0
0cdfb1ac-ecf9-42b6-bfd8-39acf8f41726,1,leather_case,19.3
0cdfb1ac-ecf9-42b6-bfd8-39acf8f41726,2,small_trunk,24.6
f7d708c2-8dcc-4e4a-ad12-99abb9f06ba0,1,travel_bag,18.3
f7d708c2-8dcc-4e4a-ad12-99abb9f06ba0,2,suitcase,15.2
c2aa74a0-4258-486e-bbdc-a03e2811e1ad,1,wardrobe_trunk,49.8
c2aa74a0-4258-486e-bbdc-a03e2811e1ad,2,hat_box,39.5
c2aa74a0-4258-486e-bbdc-a03e2811e1ad,3,suitcase,37.9
c2aa74a0-4258-486e-bbdc-a03e2811e1ad,4,hat_box,31.1
5918beb0-2660-4328-8a59-905a6e1663ae,1,wardrobe_trunk,37.5
5918beb0-2660-4328-8a59-905a6e1663ae,2,hat_box,20.0
5918beb0-2660-4328-8a59-905a6e1663ae,3,trunk,29.0
5918beb0-2660-4328-8a59-905a6e1663ae,4,jewelry_case,24.7
3e89ca0e-19ef-4abb-b08e-8281772127f2,1,duffel_bag,5.5
3e89ca0e-19ef-4abb-b08e-8281772127f2,2,small_suitcase,16.9
48b8c00a-39fd-485e-bbe8-ddc7bd688ffa,1,hat_box,42.0
48b8c00a-39fd-485e-bbe8-ddc7bd688ffa,2,jewelry_case,27.3
48b8c00a-39fd-485e-bbe8-ddc7bd688ffa,3,jewelry_case,36.8
48b8c00a-39fd-485e-bbe8-ddc7bd688ffa,4,trunk,49.6
48b8c00a-39fd-485e-bbe8-ddc7bd688ffa,5,wardrobe_trunk,43.8
a4efc4cc-9377-489a-90fe-ac2b39403d57,1,small_suitcase,21.8
a4efc4cc-9377-489a-90fe-ac2b39403d57,2,cloth_bundle,12.1
8b82225b-3168-49c8-969b-383d5785e95b,1,small_suitcase,21.1
8b82225b-3168-49c8-969b-383d5785e95b,2,canvas_bag,21.9
ea151dbb-d9d1-426d-8566-b9f04aa06fba,1,small_suitcase,14.7
f3be7755-9e1b-4235-b7a9-80c390703235,1,duffel_bag,8.6
71d9d467-f777-450f-aa31-afc994645c33,1,leather_case,10.0
71d9d467-f777-450f-aa31-afc994645c33,2,leather_case,16.2
71d9d467-f777-450f-aa31-afc994645c33,3,small_trunk,12.0
4ada677f-bcb7-42c6-8ecd-c7aa26895cd1,1,suitcase,26.5
4ada677f-bcb7-42c6-8ecd-c7aa26895cd1,2,travel_bag,31.1
e7b936eb-0d44-4a25-8832-064c84b0a5c8,1,canvas_bag,16.4
e7b936eb-0d44-4a25-8832-064c84b0a5c8,2,cloth_bundle,21.9
8af8e7d6-2c19-48e2-b7c2-e42214e5d912,1,canvas_bag,4.6
8c9ddabb-138d-4478-acf8-100fa58338c9,1,small_trunk,19.3
8c9ddabb-138d-4478-acf8-100fa58338c9,2,suitcase,29.7
71df81ae-6e64-4133-945c-fbf8652728f5,1,travel_bag,25.7
71df81ae-6e64-4133-945c-fbf8652728f5,2,travel_bag,21.8
0ee0a6ce-7ad4-47a7-8819-16bd35fccd7e,1,small_trunk,32.0
0ee0a6ce-7ad4-47a7-8819-16bd35fccd7e,2,travel_bag,13.1
0a668bd1-3d30-4b53-b18f-29811bfc9ab6,1,jewelry_case,24.2
0a668bd1-3d30-4b53-b18f-29811bfc9ab6,2,jewelry_case,18.0
0a668bd1-3d30-4b53-b18f-29811bfc9ab6,3,suitcase,43.3
ac350a01-3a4a-4095-a5db-336b048ee6ec,1,canvas_bag,12.9
ac350a01-3a4a-4095-a5db-336b048ee6ec,2,duffel_bag,7.9
d78d641b-37eb-4eca-b851-d7a08c2abd84,1,duffel_bag,19.0
da3f64cb-ce3a-4fe2-a39d-3ca030d1fc4a,1,duffel_bag,6.8
da3f64cb-ce3a-4fe2-a39d-3ca030d1fc4a,2,small_suitcase,20.1
6ff2c79e-7d8f-4abb-be23-9470b4c89407,1,suitcase,36.8
6ff2c79e-7d8f-4abb-be23-9470b4c89407,2,jewelry_case,32.4
6ff2c79e-7d8f-4abb-be23-9470b4c89407,3,jewelry_case,15.9
df46e46b-eff7-47b6-956c-0384495de6ba,1,small_suitcase,24.8
df46e46b-eff7-47b6-956c-0384495de6ba,2,duffel_bag,20.7
267068bb-1c46-4114-9460-fe9b6ab54dda,1,canvas_bag,17.5
10726dc0-5eb1-4e07-8241-6e3765f3be29,1,small_suitcase,20.7
6f58f822-7914-4673-8eae-89b0cfc855ad,1,cloth_bundle,16.0
cb47c3e0-47da-480f-9029-ab4210d405d7,1,canvas_bag,16.2
cb47c3e0-47da-480f-9029-ab4210d405d7,2,small_suitcase,12.2
c0fd6661-e1a3-46a9-bf40-fef0cfafc049,1,small_trunk,20.1
c0fd6661-e1a3-46a9-bf40-fef0cfafc049,2,small_trunk,27.4
c0fd6661-e1a3-46a9-bf40-fef0cfafc049,3,suitcase,27.7
43733f2b-77d3-4be4-ae77-10df40a347f7,1,duffel_bag,17.8
43733f2b-77d3-4be4-ae77-10df40a347f7,2,canvas_bag,22.5
05dad57e-e674-4900-b93b-bb4f569ff0c8,1,canvas_bag,12.0
05dad57e-e674-4900-b93b-bb4f569ff0c8,2,duffel_bag,23.8
3e8042bf-a4da-4e14-aa6d-64a14d78939e,1,duffel_bag,14.0
0e75fd4b-d9de-41e3-9e74-b55465af09d3,1,canvas_bag,6.7
fca49016-216f-483c-a1fa-51e8790d7eac,1,jewelry_case,40.7
fca49016-216f-483c-a1fa-51e8790d7eac,2,suitcase,34.2
fca49016-216f-483c-a1fa-51e8790d7eac,3,wardrobe_trunk,26.9
fca49016-216f-483c-a1fa-51e8790d7eac,4,jewelry_case,49.9
c0dc562b-270f-4d0a-81b3-47905c764a74,1,canvas_bag,8.8
c0dc562b-270f-4d0a-81b3-47905c764a74,2,cloth_bundle,6.1
acaf6050-154b-4d81-8ea3-6f2fc4fb6b8f,1,hat_box,41.2
acaf6050-154b-4d81-8ea3-6f2fc4fb6b8f,2,suitcase,18.6
acaf6050-154b-4d81-8ea3-6f2fc4fb6b8f,3,jewelry_case,29.9
acaf6050-154b-4d81-8ea3-6f2fc4fb6b8f,4,trunk,33.1
acaf6050-154b-4d81-8ea3-6f2fc4fb6b8f,5,hat_box,34.6
bc84c8be-3a40-4919-adb4-46d7858109c4,1,cloth_bundle,7.4
bc84c8be-3a40-4919-adb4-46d7858109c4,2,duffel_bag,6.4
20c9c59e-ac8d-4144-bb48-892a753f3b47,1,trunk,24.0
20c9c59e-ac8d-4144-bb48-892a753f3b47,2,hat_box,30.2
20c9c59e-ac8d-4144-bb48-892a753f3b47,3,suitcase,44.6
20c9c59e-ac8d-4144-bb48-892a753f3b47,4,hat_box,36.0
20c9c59e-ac8d-4144-bb48-892a753f3b47,5,jewelry_case,17.3
2cf5f604-d06b-471a-8822-9d969705e033,1,canvas_bag,9.8
d4bf5ab1-f1bd-4d82-bbe3-2962a6d53684,1,canvas_bag,10.8
4d6c3b23-8dc2-422e-a8da-6652f3193a1e,1,cloth_bundle,18.4
4d6c3b23-8dc2-422e-a8da-6652f3193a1e,2,cloth_bundle,8.1
c326c3f6-1291-4e78-bc87-572ad1afce1c,1,jewelry_case,16.6
c326c3f6-1291-4e78-bc87-572ad1afce1c,2,hat_box,21.8
c326c3f6-1291-4e78-bc87-572ad1afce1c,3,wardrobe_trunk,23.6
c326c3f6-1291-4e78-bc87-572ad1afce1c,4,hat_box,41.8
c970f1d4-a935-453f-b8fd-8a8a18fc63a4,1,canvas_bag,13.1
c970f1d4-a935-453f-b8fd-8a8a18fc63a4,2,canvas_bag,16.5
9f908161-17fa-4bd9-a363-5a58c692aa96,1,duffel_bag,7.1
9f908161-17fa-4bd9-a363-5a58c692aa96,2,cloth_bundle,12.4
188c301b-6df3-4783-aac8-89df289eb712,1,jewelry_case,20.2
188c301b-6df3-4783-aac8-89df289eb712,2,trunk,47.9
188c301b-6df3-4783-aac8-89df289eb712,3,hat_box,21.2
188c301b-6df3-4783-aac8-89df289eb712,4,trunk,24.0
188c301b-6df3-4783-aac8-89df289eb712,5,suitcase,20.0
f373a28e-c84e-478b-a81c-8755e22669d8,1,small_trunk,24.2
f373a28e-c84e-478b-a81c-8755e22669d8,2,leather_case,11.9
2875b775-ddad-4324-a3c7-6d6836f55ed0,1,duffel_bag,15.1
2875b775-ddad-4324-a3c7-6d6836f55ed0,2,canvas_bag,13.6
759f0bb0-3852-41c3-b1be-fa6f0198a3db,1,duffel_bag,22.5
759f0bb0-3852-41c3-b1be-fa6f0198a3db,2,duffel_bag,6.0
efab8635-5bf6-477b-855d-83cf612c1b24,1,leather_case,13.4
efab8635-5bf6-477b-855d-83cf612c1b24,2,leather_case,27.7
842edda7-87d6-49fa-9eb3-8d73ec43eebe,1,small_suitcase,12.4
4c45cf35-8d7d-4fea-b16b-08f3764926bb,1,suitcase,18.8
4c45cf35-8d7d-4fea-b16b-08f3764926bb,2,travel_bag,17.5
7d78afb0-9ede-409c-9e14-9cdd6a5bdeff,1,canvas_bag,13.9
c018d5b5-7de9-454c-b784-149d8e9ee606,1,hat_box,48.1
c018d5b5-7de9-454c-b784-149d8e9ee606,2,hat_box,18.5
c018d5b5-7de9-454c-b784-149d8e9ee606,3,trunk,37.8
74be0a85-0588-4b04-8004-1cbda90b138e,1,small_suitcase,11.5
74be0a85-0588-4b04-8004-1cbda90b138e,2,small_suitcase,24.2
e0792172-09a2-4a1f-87d7-caeefab655fc,1,wardrobe_trunk,46.8
e0792172-09a2-4a1f-87d7-caeefab655fc,2,hat_box,30.1
e0792172-09a2-4a1f-87d7-caeefab655fc,3,hat_box,43.0
e0792172-09a2-4a1f-87d7-caeefab655fc,4,hat_box,16.6
e0792172-09a2-4a1f-87d7-caeefab655fc,5,jewelry_case,21.2
d702c2a7-4dab-4cf1-a601-fff10b4d4697,1,duffel_bag,10.1
d702c2a7-4dab-4cf1-a601-fff10b4d4697,2,duffel_bag,14.3
2e88eec0-7329-42fc-a755-3d11f5a1c68c,1,cloth_bundle,8.0
2e88eec0-7329-42fc-a755-3d11f5a1c68c,2,cloth_bundle,14.8
0df7e91a-4274-4026-adf3-b1a08d680be1,1,small_trunk,33.7
0df7e91a-4274-4026-adf3-b1a08d680be1,2,travel_bag,25.4
0df7e91a-4274-4026-adf3-b1a08d680be1,3,leather_case,22.8
b1044762-64e1-4259-8660-9c70f4549060,1,small_trunk,27.4
b1044762-64e1-4259-8660-9c70f4549060,2,travel_bag,11.8
b1044762-64e1-4259-8660-9c70f4549060,3,leather_case,25.7
0fdc79ca-3719-4c4b-97fa-380c440f4096,1,small_suitcase,16.7
0fdc79ca-3719-4c4b-97fa-380c440f4096,2,canvas_bag,16.2
015ef17d-8360-430a-97b2-81d13fcf1674,1,leather_case,15.7
015ef17d-8360-430a-97b2-81d13fcf1674,2,travel_bag,15.6
594542d8-8ff1-4c2d-865a-7f90a26e733e,1,hat_box,46.2
594542d8-8ff1-4c2d-865a-7f90a26e733e,2,trunk,48.3
594542d8-8ff1-4c2d-865a-7f90a26e733e,3,hat_box,31.3
594542d8-8ff1-4c2d-865a-7f90a26e733e,4,hat_box,46.4
594542d8-8ff1-4c2d-865a-7f90a26e733e,5,jewelry_case,43.1
3661c590-c28d-419e-b1dd-a8584ded989d,1,suitcase,30.0
3661c590-c28d-419e-b1dd-a8584ded989d,2,trunk,36.0
3661c590-c28d-419e-b1dd-a8584ded989d,3,jewelry_case,49.9
ed68dc33-1124-4f03-9151-d7d0435ea147,1,cloth_bundle,11.2
ed68dc33-1124-4f03-9151-d7d0435ea147,2,cloth_bundle,18.0
1bf13b89-a389-4ddc-8161-c849b95b9f0a,1,canvas_bag,13.5
1bf13b89-a389-4ddc-8161-c849b95b9f0a,2,cloth_bundle,21.3
71856f97-edee-44ef-bc3d-da353b6daa92,1,small_suitcase,11.8
9425f62b-49f5-4351-ab28-eba3f84b4545,1,suitcase,33.1
9425f62b-49f5-4351-ab28-eba3f84b4545,2,leather_case,10.7
9425f62b-49f5-4351-ab28-eba3f84b4545,3,suitcase,12.5
3544b4b8-8ebf-4f57-af6d-148c45529c70,1,small_suitcase,14.7
3544b4b8-8ebf-4f57-af6d-148c45529c70,2,cloth_bundle,7.1
6bc5a0d6-916a-4ee6-b780-61fcd4155e60,1,canvas_bag,9.7
6bc5a0d6-916a-4ee6-b780-61fcd4155e60,2,cloth_bundle,12.3
46564847-c080-497f-90c0-4b6a6f5316df,1,cloth_bundle,9.5
46564847-c080-497f-90c0-4b6a6f5316df,2,duffel_bag,13.5
dbeb01d3-5986-4021-945b-53bad34f6d92,1,canvas_bag,9.8
dbeb01d3-5986-4021-945b-53bad34f6d92,2,small_suitcase,10.6
edb23a76-d33b-4e5f-9f25-4dbfb5d9f693,1,duffel_bag,7.7
18c852b9-9e77-4dcf-b78d-6af460245952,1,duffel_bag,9.9
4e75207d-736b-4996-9fe3-9485f550d10c,1,canvas_bag,9.3
4e75207d-736b-4996-9fe3-9485f550d10c,2,duffel_bag,23.2
06262db8-44eb-4ebf-82a2-7ba489484a1f,1,duffel_bag,5.4
06262db8-44eb-4ebf-82a2-7ba489484a1f,2,duffel_bag,19.9
e2f703c4-43ad-4200-acb6-c964c5e34983,1,cloth_bundle,12.7
9571485b-651d-4315-8fe2-dbaea5eb9ea9,1,hat_box,42.2
9571485b-651d-4315-8fe2-dbaea5eb9ea9,2,hat_box,33.5
9571485b-651d-4315-8fe2-dbaea5eb9ea9,3,wardrobe_trunk,23.8
9571485b-651d-4315-8fe2-dbaea5eb9ea9,4,wardrobe_trunk,45.4
9571485b-651d-4315-8fe2-dbaea5eb9ea9,5,jewelry_case,28.5
f8a18d0a-d34d-4977-9f74-21ee5a01f9e0,1,canvas_bag,6.2
f8a18d0a-d34d-4977-9f74-21ee5a01f9e0,2,duffel_bag,16.2
cc264710-3ae0-48e8-86ee-71b528d05d57,1,travel_bag,17.6
cc264710-3ae0-48e8-86ee-71b528d05d57,2,leather_case,18.8
cc264710-3ae0-48e8-86ee-71b528d05d57,3,leather_case,32.6
ab0e6781-c3ee-431a-9c94-d2050a92835d,1,duffel_bag,10.2
ab0e6781-c3ee-431a-9c94-d2050a92835d,2,cloth_bundle,12.1
4ea913cc-2b4a-4696-8e42-4b46de6c593a,1,suitcase,14.4
4ea913cc-2b4a-4696-8e42-4b46de6c593a,2,leather_case,29.8
ff4c5bd2-a58f-4d1b-9ba9-98c963e6a1f1,1,small_suitcase,6.4
1a68e333-6976-4084-bc76-cfe36d5987d2,1,trunk,28.4
1a68e333-6976-4084-bc76-cfe36d5987d2,2,hat_box,32.2
1a68e333-6976-4084-bc76-cfe36d5987d2,3,trunk,46.6
1a68e333-6976-4084-bc76-cfe36d5987d2,4,trunk,43.1
5b11cca5-e5d0-4eb0-9736-fc0f877a0c17,1,duffel_bag,7.5
b2ceca58-c32f-42db-8b2c-49db33ac6442,1,leather_case,16.0
b2ceca58-c32f-42db-8b2c-49db33ac6442,2,leather_case,34.6
b2ceca58-c32f-42db-8b2c-49db33ac6442,3,small_trunk,21.9
bec85a69-9275-4e54-8844-a26f9f30a42e,1,wardrobe_trunk,37.9
bec85a69-9275-4e54-8844-a26f9f30a42e,2,jewelry_case,37.9
bec85a69-9275-4e54-8844-a26f9f30a42e,3,jewelry_case,48.7
872174ea-26d5-4446-b67c-01bf65f5afb3,1,leather_case,15.2
872174ea-26d5-4446-b67c-01bf65f5afb3,2,leather_case,20.3
9de751c9-09c2-4793-b152-e817975ee39e,1,duffel_bag,22.4
9de751c9-09c2-4793-b152-e817975ee39e,2,small_suitcase,10.3
516ab280-5f01-4f7d-8012-100a7599b9ce,1,small_trunk,11.3
516ab280-5f01-4f7d-8012-100a7599b9ce,2,travel_bag,11.6
516ab280-5f01-4f7d-8012-100a7599b9ce,3,suitcase,30.6
d6e88707-56cd-45b5-98df-f5808911cba2,1,small_suitcase,15.4
2ed775cf-4c0e-4921-ae68-47c52e87b943,1,small_suitcase,11.8
6001ff20-029d-4c18-a80a-036c5d61f2da,1,trunk,47.8
6001ff20-029d-4c18-a80a-036c5d61f2da,2,wardrobe_trunk,25.7
6001ff20-029d-4c18-a80a-036c5d61f2da,3,hat_box,44.0
aac66c55-758a-4d1f-b6cb-2093b72d3bb9,1,duffel_bag,15.4
aac66c55-758a-4d1f-b6cb-2093b72d3bb9,2,canvas_bag,16.7
ab0a9fac-cf6e-4125-aef5-94ae0d3ced49,1,travel_bag,33.9
ab0a9fac-cf6e-4125-aef5-94ae0d3ced49,2,suitcase,34.5
ab0a9fac-cf6e-4125-aef5-94ae0d3ced49,3,travel_bag,31.4
7c3ed5ed-5cf1-473d-9024-cd3af961a3f3,1,canvas_bag,14.9
3b4ad225-167f-482e-ac5c-0a7de235cb2e,1,suitcase,34.9
3b4ad225-167f-482e-ac5c-0a7de235cb2e,2,leather_case,25.2
08e97b4d-4858-46a5-be76-e6c292e0abce,1,duffel_bag,15.9
08e97b4d-4858-46a5-be76-e6c292e0abce,2,cloth_bundle,22.9
165c436f-66b2-43e1-bc7d-cf90369e5f86,1,wardrobe_trunk,42.2
165c436f-66b2-43e1-bc7d-cf90369e5f86,2,suitcase,37.4
165c436f-66b2-43e1-bc7d-cf90369e5f86,3,wardrobe_trunk,41.4
165c436f-66b2-43e1-bc7d-cf90369e5f86,4,trunk,44.1
5ec38b6d-fa6e-4d56-816f-999196b3ba20,1,duffel_bag,5.1
73ef40c8-6e4d-44a5-b4e1-302f409457b7,1,travel_bag,19.8
73ef40c8-6e4d-44a5-b4e1-302f409457b7,2,leather_case,18.8
02a7492c-43de-4bc7-bc8d-2e8a97831970,1,canvas_bag,5.4
f984f1c1-1cbe-42f9-aa0d-6c8b0eb58d00,1,suitcase,13.3
f984f1c1-1cbe-42f9-aa0d-6c8b0eb58d00,2,small_trunk,12.3
c1350e66-307c-42b3-b9ad-94791ffaa076,1,small_suitcase,14.5
7fc9fe92-16dd-4ae8-ab4b-61777ebc09af,1,suitcase,12.1
7fc9fe92-16dd-4ae8-ab4b-61777ebc09af,2,travel_bag,17.5
c1f02afa-8afe-462e-8419-ef8589424f06,1,suitcase,23.5
711746e4-3acf-45f5-9dd4-9f4b830b3278,1,leather_case,28.7
711746e4-3acf-45f5-9dd4-9f4b830b3278,2,travel_bag,28.0
711746e4-3acf-45f5-9dd4-9f4b830b3278,3,leather_case,21.6
e7d9f651-11f2-4602-ba2c-eece3a11e79b,1,suitcase,31.7
e7d9f651-11f2-4602-ba2c-eece3a11e79b,2,travel_bag,26.9
f8295180-be76-4781-87d2-11c2a92c2f5b,1,cloth_bundle,16.3
da471c1e-8dd5-4d35-8187-7c5f07479f99,1,cloth_bundle,5.3
db81175a-fb16-4bb7-89cf-d3fdab8b1ada,1,suitcase,30.8
db81175a-fb16-4bb7-89cf-d3fdab8b1ada,2,travel_bag,23.4
a0866605-08ee-4af4-aef1-087cc2f31cdd,1,small_suitcase,16.8
a0866605-08ee-4af4-aef1-087cc2f31cdd,2,small_suitcase,19.9
b6870d23-372e-45cc-8943-86be585638bc,1,canvas_bag,16.2
b6870d23-372e-45cc-8943-86be585638bc,2,small_suitcase,12.2
c11352db-0c92-45fc-a4d3-46846f7573c2,1,jewelry_case,21.7
c11352db-0c92-45fc-a4d3-46846f7573c2,2,trunk,44.4
c11352db-0c92-45fc-a4d3-46846f7573c2,3,jewelry_case,27.8
c11352db-0c92-45fc-a4d3-46846f7573c2,4,jewelry_case,38.7
c11352db-0c92-45fc-a4d3-46846f7573c2,5,hat_box,33.2
ec4e2fbc-056c-46a2-807e-457691eb23ac,1,cloth_bundle,24.8
ec4e2fbc-056c-46a2-807e-457691eb23ac,2,canvas_bag,15.5
cf62026a-b017-4b0c-9633-8309981cdc8e,1,travel_bag,14.6
cf62026a-b017-4b0c-9633-8309981cdc8e,2,travel_bag,11.6
6d4c25a5-4a9c-4b80-9852-d1ef22ebb846,1,hat_box,15.3
6d4c25a5-4a9c-4b80-9852-d1ef22ebb846,2,jewelry_case,25.0
6d4c25a5-4a9c-4b80-9852-d1ef22ebb846,3,hat_box,40.1
a4780594-d675-4bc4-a792-2c7420329f14,1,travel_bag,34.4
a4780594-d675-4bc4-a792-2c7420329f14,2,leather_case,29.5
9eb6bf1e-dbc7-4518-b976-ebe53b91e093,1,duffel_bag,14.0
9eb6bf1e-dbc7-4518-b976-ebe53b91e093,2,duffel_bag,12.8
2ed808e5-4f92-4761-884f-2486dcfa60ad,1,canvas_bag,15.4
4d625deb-be75-45c0-8fcc-ca3411f8fd2c,1,wardrobe_trunk,33.8
4d625deb-be75-45c0-8fcc-ca3411f8fd2c,2,suitcase,17.3
4d625deb-be75-45c0-8fcc-ca3411f8fd2c,3,jewelry_case,25.1
4d625deb-be75-45c0-8fcc-ca3411f8fd2c,4,wardrobe_trunk,26.3
4d625deb-be75-45c0-8fcc-ca3411f8fd2c,5,jewelry_case,19.4
17023561-4f24-47cf-a322-ab66f7e2bddc,1,canvas_bag,13.3
17023561-4f24-47cf-a322-ab66f7e2bddc,2,cloth_bundle,9.3
85c1c665-f755-4622-b36f-b533e99e2833,1,cloth_bundle,23.0
85c1c665-f755-4622-b36f-b533e99e2833,2,duffel_bag,5.5
906bdcee-b832-41ba-beb7-a9ef652e9c26,1,small_suitcase,22.0
f1fb1939-5e03-452d-9987-15330a0de2cd,1,jewelry_case,18.8
f1fb1939-5e03-452d-9987-15330a0de2cd,2,hat_box,18.2
f1fb1939-5e03-452d-9987-15330a0de2cd,3,jewelry_case,16.5
f1fb1939-5e03-452d-9987-15330a0de2cd,4,suitcase,31.1
f1fb1939-5e03-452d-9987-15330a0de2cd,5,hat_box,19.2
1da1b30f-0d59-4fae-91f1-0c1bb9441ba2,1,wardrobe_trunk,35.9
1da1b30f-0d59-4fae-91f1-0c1bb9441ba2,2,wardrobe_trunk,24.2
1da1b30f-0d59-4fae-91f1-0c1bb9441ba2,3,jewelry_case,27.9
5ad90b25-4c54-48f8-b3c7-b6376e96d4ee,1,suitcase,21.2
5ad90b25-4c54-48f8-b3c7-b6376e96d4ee,2,hat_box,37.2
5ad90b25-4c54-48f8-b3c7-b6376e96d4ee,3,suitcase,36.9
5ad90b25-4c54-48f8-b3c7-b6376e96d4ee,4,trunk,32.5
5ad90b25-4c54-48f8-b3c7-b6376e96d4ee,5,wardrobe_trunk,30.2
fda40ec4-cff3-447e-a12d-f2391ac2a016,1,travel_bag,32.5
fda40ec4-cff3-447e-a12d-f2391ac2a016,2,leather_case,15.5
fda40ec4-cff3-447e-a12d-f2391ac2a016,3,suitcase,22.6
e52f2bb9-b5c1-49e5-a538-ce7776a17666,1,duffel_bag,24.7
e52f2bb9-b5c1-49e5-a538-ce7776a17666,2,small_suitcase,13.0
cc7670bb-2aac-4528-942d-1633a788501f,1,small_suitcase,4.0
f7aed616-dacf-49d9-9078-5cd051cf3a72,1,trunk,34.3
f7aed616-dacf-49d9-9078-5cd051cf3a72,2,suitcase,19.3
f7aed616-dacf-49d9-9078-5cd051cf3a72,3,trunk,17.3
f7aed616-dacf-49d9-9078-5cd051cf3a72,4,jewelry_case,32.4
e53480d0-1e01-4c57-9c2e-1f61360a8873,1,hat_box,43.0
e53480d0-1e01-4c57-9c2e-1f61360a8873,2,trunk,39.2
e53480d0-1e01-4c57-9c2e-1f61360a8873,3,hat_box,36.1
e53480d0-1e01-4c57-9c2e-1f61360a8873,4,hat_box,16.3
e53480d0-1e01-4c57-9c2e-1f61360a8873,5,suitcase,34.8
06823be3-216e-4329-b038-c0c25e258bc6,1,cloth_bundle,19.0
06823be3-216e-4329-b038-c0c25e258bc6,2,small_suitcase,6.7
1d2895d2-1d26-4b4b-9086-a4b36f55efa4,1,travel_bag,18.7
1d2895d2-1d26-4b4b-9086-a4b36f55efa4,2,suitcase,33.7
1d2895d2-1d26-4b4b-9086-a4b36f55efa4,3,small_trunk,21.2
9147ce2f-892a-4907-8362-3f7af37bf643,1,cloth_bundle,8.0
9147ce2f-892a-4907-8362-3f7af37bf643,2,duffel_bag,23.8
14d1e295-41de-477a-a7d2-9c519ffc5812,1,cloth_bundle,14.4
14d1e295-41de-477a-a7d2-9c519ffc5812,2,duffel_bag,5.4
cb68c97c-4fc8-4621-9322-f80363cb3d5d,1,wardrobe_trunk,21.2
cb68c97c-4fc8-4621-9322-f80363cb3d5d,2,jewelry_case,39.3
cb68c97c-4fc8-4621-9322-f80363cb3d5d,3,wardrobe_trunk,31.1
9723ad3f-e1ae-4cb5-a420-4f6ccef3772f,1,wardrobe_trunk,46.5
9723ad3f-e1ae-4cb5-a420-4f6ccef3772f,2,suitcase,16.3
9723ad3f-e1ae-4cb5-a420-4f6ccef3772f,3,jewelry_case,34.8
9723ad3f-e1ae-4cb5-a420-4f6ccef3772f,4,jewelry_case,45.1
9723ad3f-e1ae-4cb5-a420-4f6ccef3772f,5,hat_box,20.5
9b73b8a5-e498-4c59-9f63-bdbabc1493c5,1,wardrobe_trunk,21.9
9b73b8a5-e498-4c59-9f63-bdbabc1493c5,2,wardrobe_trunk,18.0
9b73b8a5-e498-4c59-9f63-bdbabc1493c5,3,wardrobe_trunk,49.1
79d2c4ba-2381-4b93-982b-8bdeccfc9632,1,small_suitcase,22.6
e8a3a4ed-c477-4c02-bff1-54c58b4e64ac,1,travel_bag,30.8
e8a3a4ed-c477-4c02-bff1-54c58b4e64ac,2,travel_bag,26.1
e8a3a4ed-c477-4c02-bff1-54c58b4e64ac,3,small_trunk,30.2
f31733ea-c7fd-4375-8b22-1fb49ac1ac6a,1,trunk,27.2
f31733ea-c7fd-4375-8b22-1fb49ac1ac6a,2,trunk,42.7
f31733ea-c7fd-4375-8b22-1fb49ac1ac6a,3,wardrobe_trunk,40.8
f31733ea-c7fd-4375-8b22-1fb49ac1ac6a,4,wardrobe_trunk,21.4
55f86300-e3a2-4fa1-bf0d-cb25445c94c2,1,duffel_bag,17.3
4c038e5e-8b2f-44b5-8f47-5c7181f458d7,1,jewelry_case,39.3
4c038e5e-8b2f-44b5-8f47-5c7181f458d7,2,jewelry_case,39.4
4c038e5e-8b2f-44b5-8f47-5c7181f458d7,3,suitcase,27.0
cda5df37-c747-42b4-bbf3-678054d7a549,1,duffel_bag,12.9
cda5df37-c747-42b4-bbf3-678054d7a549,2,canvas_bag,22.6
5805c018-847b-4670-80e5-a136859ba172,1,small_trunk,23.6
5805c018-847b-4670-80e5-a136859ba172,2,leather_case,34.8
5805c018-847b-4670-80e5-a136859ba172,3,small_trunk,26.1
2046886f-6b15-4569-8605-08273836fb56,1,cloth_bundle,10.4
60798d20-3dc8-4538-ab13-058fb13a15e9,1,cloth_bundle,23.7
9cc2d639-e7f7-418b-8836-8e6918f0ebea,1,canvas_bag,21.9
380ea401-3dd8-4176-80b6-3a3ad0d6b1cd,1,duffel_bag,16.6
06c9664b-5cd2-4242-83fb-c0222d1a9b26,1,duffel_bag,8.5
06c9664b-5cd2-4242-83fb-c0222d1a9b26,2,canvas_bag,15.6
ae9c1249-5004-43dc-9e02-bd5f36143a75,1,small_suitcase,11.2
07697f62-144f-4960-941e-ccf18d3aa962,1,jewelry_case,33.6
07697f62-144f-4960-941e-ccf18d3aa962,2,hat_box,27.9
07697f62-144f-4960-941e-ccf18d3aa962,3,hat_box,40.8
07697f62-144f-4960-941e-ccf18d3aa962,4,suitcase,22.2
07697f62-144f-4960-941e-ccf18d3aa962,5,suitcase,37.3
aef5a04f-974d-41dc-9926-05ba60f632e3,1,canvas_bag,11.1
ed019bbe-c603-4138-a539-f6806e4da77c,1,duffel_bag,7.5
ed019bbe-c603-4138-a539-f6806e4da77c,2,duffel_bag,13.7
c4d21142-5a16-4f5d-86bd-646b25cbb4f3,1,cloth_bundle,22.7
c4d21142-5a16-4f5d-86bd-646b25cbb4f3,2,canvas_bag,11.2
7176eb6f-94ee-4c5d-ad77-3839d0b35acf,1,travel_bag,16.0
7176eb6f-94ee-4c5d-ad77-3839d0b35acf,2,leather_case,21.3
a3c4adb2-0b54-4522-878f-8f67f7dea25b,1,canvas_bag,15.1
a3c4adb2-0b54-4522-878f-8f67f7dea25b,2,small_suitcase,17.2
c6ba67d2-b58d-4495-8a1f-1e4a02147742,1,hat_box,24.5
c6ba67d2-b58d-4495-8a1f-1e4a02147742,2,trunk,43.6
c6ba67d2-b58d-4495-8a1f-1e4a02147742,3,jewelry_case,18.8
c6ba67d2-b58d-4495-8a1f-1e4a02147742,4,wardrobe_trunk,49.0
7b6c71fb-816d-402c-b524-0f1a97b0f6e4,1,jewelry_case,15.3
7b6c71fb-816d-402c-b524-0f1a97b0f6e4,2,hat_box,41.8
7b6c71fb-816d-402c-b524-0f1a97b0f6e4,3,suitcase,48.7
7b6c71fb-816d-402c-b524-0f1a97b0f6e4,4,suitcase,36.2
8ed63432-f0d0-4477-a303-dd413c8ae06d,1,suitcase,30.7
8ed63432-f0d0-4477-a303-dd413c8ae06d,2,travel_bag,32.4
8ed63432-f0d0-4477-a303-dd413c8ae06d,3,travel_bag,34.6
5933fba8-5e41-4434-930b-ebddb023068a,1,canvas_bag,22.7
5933fba8-5e41-4434-930b-ebddb023068a,2,canvas_bag,13.0
d0bb0730-cbfb-4a70-b4e9-eae478cc69d7,1,small_suitcase,7.9
42fcd6d3-3866-49fd-8b0e-243222a2cfb6,1,wardrobe_trunk,23.5
42fcd6d3-3866-49fd-8b0e-243222a2cfb6,2,wardrobe_trunk,33.2
42fcd6d3-3866-49fd-8b0e-243222a2cfb6,3,jewelry_case,19.9
0855b491-88a7-41e1-bc07-a998d73bd53d,1,small_suitcase,16.9
0855b491-88a7-41e1-bc07-a998d73bd53d,2,cloth_bundle,7.3
be41e529-77da-4193-94ce-6227bd50af55,1,wardrobe_trunk,17.2
be41e529-77da-4193-94ce-6227bd50af55,2,jewelry_case,20.1
be41e529-77da-4193-94ce-6227bd50af55,3,jewelry_case,20.2
be41e529-77da-4193-94ce-6227bd50af55,4,suitcase,21.4
818e8b77-f6d3-4e97-ab2a-4b14f8656e53,1,wardrobe_trunk,39.5
818e8b77-f6d3-4e97-ab2a-4b14f8656e53,2,suitcase,40.7
818e8b77-f6d3-4e97-ab2a-4b14f8656e53,3,jewelry_case,35.7
818e8b77-f6d3-4e97-ab2a-4b14f8656e53,4,hat_box,49.6
818e8b77-f6d3-4e97-ab2a-4b14f8656e53,5,jewelry_case,35.0
207a8b79-2e5d-4e7b-867f-02399bfbd81c,1,wardrobe_trunk,46.4
207a8b79-2e5d-4e7b-867f-02399bfbd81c,2,wardrobe_trunk,39.7
207a8b79-2e5d-4e7b-867f-02399bfbd81c,3,suitcase,38.0
207a8b79-2e5d-4e7b-867f-02399bfbd81c,4,suitcase,36.3
207a8b79-2e5d-4e7b-867f-02399bfbd81c,5,trunk,48.2
59709703-bc3d-4b31-8ea3-0d7e09089527,1,cloth_bundle,22.1
59709703-bc3d-4b31-8ea3-0d7e09089527,2,small_suitcase,20.5
c517b994-42bd-447d-a991-83d48991929e,1,duffel_bag,14.1
c517b994-42bd-447d-a991-83d48991929e,2,duffel_bag,8.1
5ca45b79-9fde-419a-82d5-ef19799fee53,1,duffel_bag,18.4
3fb1da17-f65a-4456-b2f0-63200fbb7815,1,travel_bag,19.9
3fb1da17-f65a-4456-b2f0-63200fbb7815,2,suitcase,29.1
f7a3652b-dd93-4ae3-ab1b-abb30ca33e7a,1,cloth_bundle,19.9
f7a3652b-dd93-4ae3-ab1b-abb30ca33e7a,2,cloth_bundle,17.7
5cc43e67-3e05-4d89-983d-31e09d4efa26,1,wardrobe_trunk,31.0
5cc43e67-3e05-4d89-983d-31e09d4efa26,2,suitcase,29.8
5cc43e67-3e05-4d89-983d-31e09d4efa26,3,trunk,13.0
d0122104-223c-439b-9794-d727e5db15f0,1,hat_box,19.4
d0122104-223c-439b-9794-d727e5db15f0,2,trunk,36.2
d0122104-223c-439b-9794-d727e5db15f0,3,jewelry_case,16.0
d0122104-223c-439b-9794-d727e5db15f0,4,trunk,17.4
132e52fa-f1ff-42b5-a136-dde7e27b0d05,1,wardrobe_trunk,47.3
132e52fa-f1ff-42b5-a136-dde7e27b0d05,2,wardrobe_trunk,48.8
132e52fa-f1ff-42b5-a136-dde7e27b0d05,3,hat_box,49.9
132e52fa-f1ff-42b5-a136-dde7e27b0d05,4,suitcase,19.8
132e52fa-f1ff-42b5-a136-dde7e27b0d05,5,jewelry_case,20.8
7d73aafa-9413-4d4f-8b1e-6ab0a3dd83ca,1,leather_case,34.0
7d73aafa-9413-4d4f-8b1e-6ab0a3dd83ca,2,suitcase,28.4
7d73aafa-9413-4d4f-8b1e-6ab0a3dd83ca,3,travel_bag,34.2
829a2cf3-3328-4502-94be-03b8cb0038ae,1,wardrobe_trunk,49.7
829a2cf3-3328-4502-94be-03b8cb0038ae,2,suitcase,36.7
829a2cf3-3328-4502-94be-03b8cb0038ae,3,jewelry_case,41.4
829a2cf3-3328-4502-94be-03b8cb0038ae,4,wardrobe_trunk,26.3
829a2cf3-3328-4502-94be-03b8cb0038ae,5,trunk,30.1
2595477a-0e3e-4736-a842-7ae8203418e3,1,trunk,37.1
2595477a-0e3e-4736-a842-7ae8203418e3,2,wardrobe_trunk,22.2
2595477a-0e3e-4736-a842-7ae8203418e3,3,trunk,20.2
2595477a-0e3e-4736-a842-7ae8203418e3,4,jewelry_case,40.3
2595477a-0e3e-4736-a842-7ae8203418e3,5,trunk,15.3
61802177-eff9-4b75-bc1b-1f95eeef8912,1,jewelry_case,28.0
61802177-eff9-4b75-bc1b-1f95eeef8912,2,trunk,21.1
61802177-eff9-4b75-bc1b-1f95eeef8912,3,jewelry_case,38.2
61802177-eff9-4b75-bc1b-1f95eeef8912,4,wardrobe_trunk,19.0
61802177-eff9-4b75-bc1b-1f95eeef8912,5,hat_box,21.2
24e08c38-1df4-4916-8c59-affd20559ca9,1,small_trunk,33.1
24e08c38-1df4-4916-8c59-affd20559ca9,2,suitcase,10.6
24e08c38-1df4-4916-8c59-affd20559ca9,3,leather_case,15.4
3be5ae69-18d7-4bc4-9c4f-3afb3f700b9b,1,cloth_bundle,20.8
3be5ae69-18d7-4bc4-9c4f-3afb3f700b9b,2,duffel_bag,10.2
9521c2b1-7556-4000-8a0f-f3e9750f6258,1,leather_case,31.0
9521c2b1-7556-4000-8a0f-f3e9750f6258,2,small_trunk,31.2
a12d48b9-dead-43cc-b8d1-2912d90a7a7b,1,small_suitcase,12.4
72bc6d7e-b954-45b5-9d18-7f07c94270ea,1,travel_bag,22.7
72bc6d7e-b954-45b5-9d18-7f07c94270ea,2,small_trunk,10.9
10ec8f67-87c3-461d-a760-209f89542fb0,1,travel_bag,23.0
10ec8f67-87c3-461d-a760-209f89542fb0,2,leather_case,14.7
db48e944-42cd-40ed-b261-33cc05a257fb,1,jewelry_case,45.5
db48e944-42cd-40ed-b261-33cc05a257fb,2,jewelry_case,25.6
db48e944-42cd-40ed-b261-33cc05a257fb,3,trunk,29.2
db48e944-42cd-40ed-b261-33cc05a257fb,4,hat_box,30.5
db48e944-42cd-40ed-b261-33cc05a257fb,5,hat_box,25.8
1e9ba4f5-a731-42ec-bad3-cee1c77ffb21,1,hat_box,42.2
1e9ba4f5-a731-42ec-bad3-cee1c77ffb21,2,jewelry_case,29.0
1e9ba4f5-a731-42ec-bad3-cee1c77ffb21,3,trunk,39.7
1e9ba4f5-a731-42ec-bad3-cee1c77ffb21,4,suitcase,43.8
1e9ba4f5-a731-42ec-bad3-cee1c77ffb21,5,hat_box,24.3
f0f4e265-8d39-4dd8-bc66-9b1a63da3514,1,cloth_bundle,23.6
eea2c3a1-8bd5-4a9a-8d4a-fae3891ee702,1,small_suitcase,15.6
c043fcf4-864d-48f5-a469-cf8ff6a4833b,1,small_trunk,22.5
c043fcf4-864d-48f5-a469-cf8ff6a4833b,2,travel_bag,33.9
c043fcf4-864d-48f5-a469-cf8ff6a4833b,3,suitcase,32.2
44b7bbdc-b7fb-4fcd-9edf-76b505541279,1,suitcase,15.0
44b7bbdc-b7fb-4fcd-9edf-76b505541279,2,leather_case,15.8
af904c95-8507-457a-b0f4-eafddf651295,1,canvas_bag,22.3
af904c95-8507-457a-b0f4-eafddf651295,2,cloth_bundle,21.2
cbebc1e9-fab7-467f-99b8-05b3c2c4848a,1,jewelry_case,46.4
cbebc1e9-fab7-467f-99b8-05b3c2c4848a,2,jewelry_case,37.7
cbebc1e9-fab7-467f-99b8-05b3c2c4848a,3,wardrobe_trunk,26.7
cbebc1e9-fab7-467f-99b8-05b3c2c4848a,4,wardrobe_trunk,49.8
90354024-57af-4a6e-8217-24c224775db8,1,small_suitcase,7.9
90354024-57af-4a6e-8217-24c224775db8,2,duffel_bag,19.2
fb7deeeb-49a2-436c-bb92-eb87db23ed0f,1,leather_case,30.0
fb7deeeb-49a2-436c-bb92-eb87db23ed0f,2,suitcase,24.6
dec745de-0e10-4840-ab23-330715304fc0,1,small_suitcase,22.5
47368fa9-3ddb-4ed0-b631-388279b491e0,1,suitcase,19.9
47368fa9-3ddb-4ed0-b631-388279b491e0,2,jewelry_case,38.5
47368fa9-3ddb-4ed0-b631-388279b491e0,3,jewelry_case,27.8
47368fa9-3ddb-4ed0-b631-388279b491e0,4,trunk,17.3
27daa880-4834-490b-8f33-36402de3749e,1,cloth_bundle,21.6
27daa880-4834-490b-8f33-36402de3749e,2,canvas_bag,14.8
19b0cd2c-9739-4e4c-824a-a392ea8ecdb9,1,wardrobe_trunk,32.5
19b0cd2c-9739-4e4c-824a-a392ea8ecdb9,2,trunk,18.1
19b0cd2c-9739-4e4c-824a-a392ea8ecdb9,3,wardrobe_trunk,36.3
19b0cd2c-9739-4e4c-824a-a392ea8ecdb9,4,trunk,34.4
19b0cd2c-9739-4e4c-824a-a392ea8ecdb9,5,hat_box,19.0
92c06ef1-1a16-4d82-b978-0bd96e55067b,1,hat_box,19.5
92c06ef1-1a16-4d82-b978-0bd96e55067b,2,wardrobe_trunk,20.8
92c06ef1-1a16-4d82-b978-0bd96e55067b,3,wardrobe_trunk,41.6
92c06ef1-1a16-4d82-b978-0bd96e55067b,4,hat_box,31.3
92c06ef1-1a16-4d82-b978-0bd96e55067b,5,jewelry_case,16.1
29ded2f3-282c-4be0-a74f-234f4467d8ae,1,cloth_bundle,20.8
29ded2f3-282c-4be0-a74f-234f4467d8ae,2,duffel_bag,7.1
a07b7eb8-7b9a-44cb-b2fc-87e7ba6ed763,1,trunk,43.0
a07b7eb8-7b9a-44cb-b2fc-87e7ba6ed763,2,wardrobe_trunk,33.4
a07b7eb8-7b9a-44cb-b2fc-87e7ba6ed763,3,wardrobe_trunk,31.2
85018580-1c08-4509-9789-ef86129ab828,1,cloth_bundle,5.9
8727971f-51bc-429f-869a-b86366fb174a,1,hat_box,44.2
8727971f-51bc-429f-869a-b86366fb174a,2,hat_box,23.5
8727971f-51bc-429f-869a-b86366fb174a,3,trunk,20.5
8727971f-51bc-429f-869a-b86366fb174a,4,wardrobe_trunk,31.8
8727971f-51bc-429f-869a-b86366fb174a,5,suitcase,34.8
9b1250eb-00ca-43ff-b4aa-babf9ba62203,1,wardrobe_trunk,45.3
9b1250eb-00ca-43ff-b4aa-babf9ba62203,2,suitcase,25.1
9b1250eb-00ca-43ff-b4aa-babf9ba62203,3,jewelry_case,40.2
9b1250eb-00ca-43ff-b4aa-babf9ba62203,4,wardrobe_trunk,26.2
9b1250eb-00ca-43ff-b4aa-babf9ba62203,5,hat_box,31.6
511df5a8-3cb2-4458-891a-2de0b8ed750f,1,cloth_bundle,23.1
511df5a8-3cb2-4458-891a-2de0b8ed750f,2,cloth_bundle,19.0
c82adf88-53d2-47b7-b2ad-48f873639391,1,jewelry_case,21.5
c82adf88-53d2-47b7-b2ad-48f873639391,2,wardrobe_trunk,37.0
c82adf88-53d2-47b7-b2ad-48f873639391,3,hat_box,29.0
6f7006c1-f919-49c0-982d-497da6e75e5d,1,leather_case,9.3
c52f3111-c5bf-49fe-8958-ef1f4e88eaef,1,wardrobe_trunk,37.9
c52f3111-c5bf-49fe-8958-ef1f4e88eaef,2,wardrobe_trunk,40.4
c52f3111-c5bf-49fe-8958-ef1f4e88eaef,3,trunk,20.2
c52f3111-c5bf-49fe-8958-ef1f4e88eaef,4,hat_box,31.7
852f06c0-afc9-4b8a-8e6a-a3c422ceaea1,1,travel_bag,23.3
852f06c0-afc9-4b8a-8e6a-a3c422ceaea1,2,travel_bag,12.9
005eeee0-731c-4140-8173-7e320708fc8b,1,travel_bag,15.2
005eeee0-731c-4140-8173-7e320708fc8b,2,small_trunk,20.8
31df171d-97fd-4773-801d-f9b3ad6581b2,1,small_trunk,19.6
31df171d-97fd-4773-801d-f9b3ad6581b2,2,suitcase,27.8
bb0b2d7f-d6ab-4adf-bf45-bef47e8213f3,1,suitcase,29.7
bb0b2d7f-d6ab-4adf-bf45-bef47e8213f3,2,leather_case,29.4
bb0b2d7f-d6ab-4adf-bf45-bef47e8213f3,3,leather_case,30.8
af285ad9-dda8-4797-bfcf-300dcbefc128,1,small_trunk,17.4
af285ad9-dda8-4797-bfcf-300dcbefc128,2,suitcase,14.4
af285ad9-dda8-4797-bfcf-300dcbefc128,3,leather_case,22.5
d1b267ac-80c7-422c-80d7-7c189de766af,1,canvas_bag,13.2
4b1fb286-98e1-4fd7-9484-3b252b25f427,1,cloth_bundle,3.7
230a0f0c-cd01-4b0c-823e-e47883b579d4,1,canvas_bag,15.9
9df4a6b5-02b9-4132-a368-270d2c8fed48,1,small_suitcase,22.4
9df4a6b5-02b9-4132-a368-270d2c8fed48,2,duffel_bag,23.2
78b68dc8-44e0-4baa-b576-5d1c54e4ca85,1,suitcase,21.8
78b68dc8-44e0-4baa-b576-5d1c54e4ca85,2,hat_box,49.1
78b68dc8-44e0-4baa-b576-5d1c54e4ca85,3,wardrobe_trunk,47.9
511d82f4-7377-4e92-b354-1fb4d7493d9b,1,canvas_bag,22.1
511d82f4-7377-4e92-b354-1fb4d7493d9b,2,duffel_bag,14.1
0abaf294-ab59-4fd9-9eeb-864f41c5b2f5,1,small_suitcase,17.8
0abaf294-ab59-4fd9-9eeb-864f41c5b2f5,2,duffel_bag,19.6
2d0cfff8-cf67-4d8b-9406-8d04586b218d,1,cloth_bundle,11.2
2d0cfff8-cf67-4d8b-9406-8d04586b218d,2,duffel_bag,15.8
455126a5-e8f9-4a97-827f-7823020e7d4c,1,small_suitcase,5.2
455126a5-e8f9-4a97-827f-7823020e7d4c,2,cloth_bundle,14.4
2d207d0f-b1f2-409b-9f67-430f3f68948d,1,wardrobe_trunk,16.6
2d207d0f-b1f2-409b-9f67-430f3f68948d,2,suitcase,23.1
2d207d0f-b1f2-409b-9f67-430f3f68948d,3,hat_box,36.1
2d207d0f-b1f2-409b-9f67-430f3f68948d,4,trunk,30.9
0d8ebedd-b0e2-4fcb-aba3-448d506f3fe5,1,small_trunk,34.1
0d8ebedd-b0e2-4fcb-aba3-448d506f3fe5,2,leather_case,13.6
20268029-14f8-4b28-96f5-d4215e18c2f9,1,small_suitcase,24.6
baa9b8a1-7ede-47be-98c7-0fca5241de3a,1,cloth_bundle,7.3
896c3dda-9929-4143-81ae-61b786758e38,1,duffel_bag,20.4
896c3dda-9929-4143-81ae-61b786758e38,2,small_suitcase,17.6
083c1eca-eac2-4ad1-ac08-871ec656e876,1,travel_bag,17.1
083c1eca-eac2-4ad1-ac08-871ec656e876,2,suitcase,29.7
083c1eca-eac2-4ad1-ac08-871ec656e876,3,small_trunk,24.8
b667f770-9b18-4a5a-8e73-c8fa9ff5cda9,1,canvas_bag,16.6
98fe8a0d-632b-4f50-86a3-8559d3a21563,1,duffel_bag,21.3
98fe8a0d-632b-4f50-86a3-8559d3a21563,2,duffel_bag,7.9
3b3ab140-9565-469d-b659-29775f9719a1,1,cloth_bundle,9.2
3b3ab140-9565-469d-b659-29775f9719a1,2,canvas_bag,9.4
3f0c1a88-8f16-4eae-bcf9-8bbb59e2e112,1,duffel_bag,7.8
3f0c1a88-8f16-4eae-bcf9-8bbb59e2e112,2,duffel_bag,19.7
a3ecdaf4-6dd1-47c0-a577-5d5add42b68a,1,hat_box,21.1
a3ecdaf4-6dd1-47c0-a577-5d5add42b68a,2,suitcase,23.4
a3ecdaf4-6dd1-47c0-a577-5d5add42b68a,3,hat_box,16.5
a3ecdaf4-6dd1-47c0-a577-5d5add42b68a,4,suitcase,35.1
becc318b-de24-461a-a5fc-13fac0b4d2cd,1,canvas_bag,17.0
98bd5288-8621-410b-bd85-805ec9831947,1,small_suitcase,18.3
98bd5288-8621-410b-bd85-805ec9831947,2,duffel_bag,14.3
c87ab31e-9b24-47e1-a385-0f3f5e586fed,1,suitcase,49.6
c87ab31e-9b24-47e1-a385-0f3f5e586fed,2,hat_box,20.5
c87ab31e-9b24-47e1-a385-0f3f5e586fed,3,hat_box,36.8
c87ab31e-9b24-47e1-a385-0f3f5e586fed,4,suitcase,28.3
cbcd4f7f-232d-4740-a86d-03db90c2b002,1,wardrobe_trunk,45.1
cbcd4f7f-232d-4740-a86d-03db90c2b002,2,suitcase,49.9
cbcd4f7f-232d-4740-a86d-03db90c2b002,3,hat_box,21.1
cbcd4f7f-232d-4740-a86d-03db90c2b002,4,wardrobe_trunk,44.0
39d02e50-c379-4113-8a33-362209ace2a8,1,canvas_bag,16.9
5cc5ffeb-b078-463a-9ab5-31fbc3ff860e,1,cloth_bundle,23.0
1838afd3-95e6-47c4-89de-73717832ecc1,1,hat_box,36.7
1838afd3-95e6-47c4-89de-73717832ecc1,2,hat_box,35.8
1838afd3-95e6-47c4-89de-73717832ecc1,3,suitcase,22.9
88e55a62-1eab-44f7-be2e-f4cb39398f41,1,cloth_bundle,16.0
68574cb6-c06b-48f3-9070-ce776e3d52f0,1,hat_box,37.5
68574cb6-c06b-48f3-9070-ce776e3d52f0,2,hat_box,44.3
68574cb6-c06b-48f3-9070-ce776e3d52f0,3,hat_box,28.9
68574cb6-c06b-48f3-9070-ce776e3d52f0,4,jewelry_case,36.2
31280f8b-bdfd-4aa6-b1cc-fc76f5f83ae3,1,small_suitcase,21.9
31280f8b-bdfd-4aa6-b1cc-fc76f5f83ae3,2,duffel_bag,7.8
ddadba8c-1ad7-4a73-b0f7-338bb4d62337,1,jewelry_case,29.9
ddadba8c-1ad7-4a73-b0f7-338bb4d62337,2,wardrobe_trunk,38.9
ddadba8c-1ad7-4a73-b0f7-338bb4d62337,3,hat_box,29.2
ddadba8c-1ad7-4a73-b0f7-338bb4d62337,4,suitcase,44.5
ddadba8c-1ad7-4a73-b0f7-338bb4d62337,5,trunk,45.6
604905e9-3d13-4fbb-b13c-81547e5e7b25,1,cloth_bundle,15.4
604905e9-3d13-4fbb-b13c-81547e5e7b25,2,canvas_bag,18.0
de439914-ddaf-4c88-9bd0-1c7078fa81e9,1,canvas_bag,10.4
de439914-ddaf-4c88-9bd0-1c7078fa81e9,2,small_suitcase,10.2
a561a16f-9fd1-4a36-b341-0791bf296900,1,trunk,25.6
a561a16f-9fd1-4a36-b341-0791bf296900,2,suitcase,28.6
a561a16f-9fd1-4a36-b341-0791bf296900,3,suitcase,37.2
3dd47fc6-a8de-41c2-843c-679d5f828f7a,1,canvas_bag,16.6
f28f1ad8-4281-40b9-a4dc-b5b0b07576cf,1,duffel_bag,14.4
f28f1ad8-4281-40b9-a4dc-b5b0b07576cf,2,small_suitcase,17.0
c0412cb3-4ec9-4a5d-bbc7-e79426d7da8e,1,trunk,24.7
c0412cb3-4ec9-4a5d-bbc7-e79426d7da8e,2,wardrobe_trunk,23.6
c0412cb3-4ec9-4a5d-bbc7-e79426d7da8e,3,wardrobe_trunk,24.0
c0412cb3-4ec9-4a5d-bbc7-e79426d7da8e,4,hat_box,42.1
1b2e838a-47cb-45b1-a15a-acd60beaa070,1,duffel_bag,9.9
1b2e838a-47cb-45b1-a15a-acd60beaa070,2,cloth_bundle,23.1
675ab586-f756-4c81-b27b-cd40546b2d70,1,leather_case,14.7
675ab586-f756-4c81-b27b-cd40546b2d70,2,suitcase,31.3
675ab586-f756-4c81-b27b-cd40546b2d70,3,travel_bag,12.0
41268d5d-46fc-4147-bbfa-6439e2983529,1,duffel_bag,9.2
99f01bbf-cac9-4830-b68a-8286f69280b2,1,travel_bag,20.4
99f01bbf-cac9-4830-b68a-8286f69280b2,2,leather_case,27.5
61049d33-44ee-4fd3-b9a5-3cfafd76c60b,1,duffel_bag,22.4
61049d33-44ee-4fd3-b9a5-3cfafd76c60b,2,duffel_bag,16.4
f84e7e87-4f2b-4b13-b9d1-e6f6e38d4c46,1,small_trunk,30.5
f84e7e87-4f2b-4b13-b9d1-e6f6e38d4c46,2,small_trunk,21.8
f84e7e87-4f2b-4b13-b9d1-e6f6e38d4c46,3,leather_case,25.7
58333812-d7fa-485a-bcf2-aa8633ef2046,1,hat_box,38.6
58333812-d7fa-485a-bcf2-aa8633ef2046,2,suitcase,32.8
58333812-d7fa-485a-bcf2-aa8633ef2046,3,jewelry_case,37.8
ee4242a3-c919-4e29-a9bb-454b35a86735,1,small_suitcase,23.9
ee4242a3-c919-4e29-a9bb-454b35a86735,2,cloth_bundle,10.1
13ecb03d-2d6b-4d9d-8874-0f2f03bf1216,1,cloth_bundle,16.8
84e19320-77b0-4d07-899d-eeea08232255,1,suitcase,41.4
84e19320-77b0-4d07-899d-eeea08232255,2,wardrobe_trunk,15.7
84e19320-77b0-4d07-899d-eeea08232255,3,jewelry_case,17.2
cda488e0-75c2-45c4-be2a-1251cc01c2a4,1,duffel_bag,19.3
ca7606b5-3ec0-4dba-b7b8-7ef1eddc232d,1,cloth_bundle,9.0
ca7606b5-3ec0-4dba-b7b8-7ef1eddc232d,2,small_suitcase,18.0
74bb4d61-e2d8-4a69-af81-a146cc24264c,1,small_suitcase,17.2
74bb4d61-e2d8-4a69-af81-a146cc24264c,2,duffel_bag,16.8
7d44b3c7-9b4a-4a97-b493-c46dc4926be3,1,travel_bag,11.1
7d44b3c7-9b4a-4a97-b493-c46dc4926be3,2,small_trunk,32.2
7d44b3c7-9b4a-4a97-b493-c46dc4926be3,3,small_trunk,22.3
c9b2d6fc-9951-46c2-a8e7-0297f6897da1,1,small_trunk,24.5
c9b2d6fc-9951-46c2-a8e7-0297f6897da1,2,travel_bag,16.1
c9b2d6fc-9951-46c2-a8e7-0297f6897da1,3,travel_bag,11.8
b30ce5cb-8dd9-4e1f-9f44-18450d8fa3e4,1,leather_case,21.5
b30ce5cb-8dd9-4e1f-9f44-18450d8fa3e4,2,travel_bag,34.7
b30ce5cb-8dd9-4e1f-9f44-18450d8fa3e4,3,leather_case,13.4
664b0e20-26d7-48e2-90b3-122085355618,1,duffel_bag,21.2
664b0e20-26d7-48e2-90b3-122085355618,2,duffel_bag,6.4
5c026f30-4783-4063-a601-a0a312ac8aed,1,canvas_bag,21.8
fcf07c16-653f-49f8-b41d-848d654433fb,1,cloth_bundle,21.0
fcf07c16-653f-49f8-b41d-848d654433fb,2,canvas_bag,8.6
7345d8ef-59aa-4faa-89b9-97aa8654d4cc,1,duffel_bag,18.3
7345d8ef-59aa-4faa-89b9-97aa8654d4cc,2,cloth_bundle,11.7
55bca8a4-87d8-4b48-a174-b7f1b5dd199e,1,duffel_bag,18.2
55bca8a4-87d8-4b48-a174-b7f1b5dd199e,2,canvas_bag,6.9
42a76ed4-a481-4bc8-a686-4d11decdf0e7,1,travel_bag,16.3
42a76ed4-a481-4bc8-a686-4d11decdf0e7,2,travel_bag,14.8
71ffc2d4-24ee-4619-bc7c-2d2f1e2fbadd,1,small_suitcase,16.9
a6235481-35b7-4d55-8e8d-c835e18f2ee1,1,small_trunk,18.5
a6235481-35b7-4d55-8e8d-c835e18f2ee1,2,leather_case,14.6
afc45a57-2a01-4af4-b9da-40d6f715673d,1,small_suitcase,17.5
afc45a57-2a01-4af4-b9da-40d6f715673d,2,canvas_bag,20.7
4f778677-d96a-4f11-bfcb-b9770433f5a5,1,duffel_bag,16.4
83ab6aff-1113-4feb-8e5f-ac650c053d28,1,small_suitcase,6.3
49aab7b3-b9fa-4464-a1d6-6ac016b4dba6,1,small_suitcase,11.1
b22a228c-7c01-48b8-924a-1e0a14066e83,1,jewelry_case,30.0
b22a228c-7c01-48b8-924a-1e0a14066e83,2,wardrobe_trunk,20.0
b22a228c-7c01-48b8-924a-1e0a14066e83,3,wardrobe_trunk,47.2
b22a228c-7c01-48b8-924a-1e0a14066e83,4,wardrobe_trunk,19.5
d4926df7-7ab7-44ec-96a7-f03e11027b0d,1,travel_bag,18.9
d4926df7-7ab7-44ec-96a7-f03e11027b0d,2,suitcase,33.6
698888c6-c7f7-43fc-abf3-88129f8762c9,1,cloth_bundle,25.0
18b98621-03cb-4228-ab3e-3ab9ec47fdf2,1,canvas_bag,23.9
18b98621-03cb-4228-ab3e-3ab9ec47fdf2,2,small_suitcase,9.8
c17f2221-85c1-4a3c-baf6-2d202824766c,1,suitcase,28.1
c17f2221-85c1-4a3c-baf6-2d202824766c,2,suitcase,16.1
c17f2221-85c1-4a3c-baf6-2d202824766c,3,small_trunk,34.0
d4f61f31-b725-4fa5-8a86-5e86c3f493c0,1,suitcase,18.1
d4f61f31-b725-4fa5-8a86-5e86c3f493c0,2,small_trunk,10.7
931b2f70-5279-42ea-b076-13bab6689ec6,1,suitcase,30.5
931b2f70-5279-42ea-b076-13bab6689ec6,2,leather_case,12.3
931b2f70-5279-42ea-b076-13bab6689ec6,3,leather_case,28.8
c237144b-611d-4914-b5d8-dff7443530ac,1,duffel_bag,17.2
5a8f955c-cace-4447-8536-683ef60c0f00,1,cloth_bundle,16.7
5a8f955c-cace-4447-8536-683ef60c0f00,2,cloth_bundle,11.1
6a9a4d5c-3de7-44b1-b0c3-f55746f8ff4b,1,canvas_bag,22.2
9a6065e0-3615-46d0-8036-1e07e3b65322,1,cloth_bundle,15.3
fa44a6d6-89ce-4e70-90c2-275d4ba140fe,1,duffel_bag,5.8
21a43831-60ac-48cf-b3d3-1dd8b7045520,1,cloth_bundle,13.1
b8c0809a-ac20-49ce-94c0-56909ca70624,1,canvas_bag,21.4
b8c0809a-ac20-49ce-94c0-56909ca70624,2,cloth_bundle,19.7
ef8aea1a-2cef-47e2-8648-8febbd8bd5db,1,suitcase,22.2
ef8aea1a-2cef-47e2-8648-8febbd8bd5db,2,travel_bag,12.5
ef8aea1a-2cef-47e2-8648-8febbd8bd5db,3,leather_case,17.0
6b7055d9-d10f-4de9-a5c0-1d39eb7ea09e,1,small_trunk,33.0
6b7055d9-d10f-4de9-a5c0-1d39eb7ea09e,2,suitcase,15.8
6b7055d9-d10f-4de9-a5c0-1d39eb7ea09e,3,small_trunk,23.9
659b1d42-d0c3-4571-b569-0219d7833c16,1,small_suitcase,15.1
659b1d42-d0c3-4571-b569-0219d7833c16,2,cloth_bundle,5.6
7c64f7fe-0a74-42b4-81a7-491325a59196,1,canvas_bag,22.7
7c64f7fe-0a74-42b4-81a7-491325a59196,2,duffel_bag,16.5
a42294f1-7acf-4d4e-8a28-5d44ad4c9add,1,jewelry_case,25.5
a42294f1-7acf-4d4e-8a28-5d44ad4c9add,2,trunk,22.4
a42294f1-7acf-4d4e-8a28-5d44ad4c9add,3,trunk,18.4
3476ac7e-2051-4bce-aebd-07c7197f1d26,1,canvas_bag,10.9
3476ac7e-2051-4bce-aebd-07c7197f1d26,2,small_suitcase,17.1
b817973f-f9cc-40e9-8390-7b48164ff803,1,small_trunk,22.9
b817973f-f9cc-40e9-8390-7b48164ff803,2,travel_bag,21.2
f77e716b-3025-40c5-9a4a-8462fc3aa7f4,1,canvas_bag,9.4
efa0fd1b-81cc-49e5-a1ba-d78aa918c51c,1,trunk,36.9
efa0fd1b-81cc-49e5-a1ba-d78aa918c51c,2,suitcase,27.9
efa0fd1b-81cc-49e5-a1ba-d78aa918c51c,3,suitcase,47.6
efa0fd1b-81cc-49e5-a1ba-d78aa918c51c,4,wardrobe_trunk,26.2
f8fe5561-7113-4fbd-b65f-efac8f0432b1,1,jewelry_case,21.7
f8fe5561-7113-4fbd-b65f-efac8f0432b1,2,hat_box,37.1
f8fe5561-7113-4fbd-b65f-efac8f0432b1,3,jewelry_case,38.8
ada1154b-3aaa-4225-8890-017395d33ff8,1,duffel_bag,19.5
ada1154b-3aaa-4225-8890-017395d33ff8,2,duffel_bag,17.4
494e2491-7f24-48f1-9df6-32bc52de36ca,1,small_trunk,16.0
494e2491-7f24-48f1-9df6-32bc52de36ca,2,travel_bag,32.0
0b9f6b66-463a-4ba3-b490-400f1511dd5b,1,jewelry_case,49.5
0b9f6b66-463a-4ba3-b490-400f1511dd5b,2,trunk,26.7
0b9f6b66-463a-4ba3-b490-400f1511dd5b,3,wardrobe_trunk,35.7
f11bfd68-f7dc-4c65-b0b7-216720460014,1,small_trunk,32.4
f11bfd68-f7dc-4c65-b0b7-216720460014,2,small_trunk,25.8
5f9b5cfe-e2af-427d-bd61-37a8fd9d6f24,1,leather_case,20.1
5f9b5cfe-e2af-427d-bd61-37a8fd9d6f24,2,suitcase,10.5
a197d71e-412b-4f74-b4b2-7b5f4095fa81,1,duffel_bag,24.9
83d10f87-e7dc-4ffc-a574-708582de8723,1,duffel_bag,12.6
14623d72-5795-4ba9-adb0-a4e897dfa75d,1,travel_bag,30.2
14623d72-5795-4ba9-adb0-a4e897dfa75d,2,travel_bag,34.3
0a071ef8-1e76-4ffb-ad13-1a7fa6504f60,1,small_suitcase,9.1
0a071ef8-1e76-4ffb-ad13-1a7fa6504f60,2,duffel_bag,22.0
6da624f8-c703-41b3-b8cf-1a0b893b7291,1,wardrobe_trunk,28.3
6da624f8-c703-41b3-b8cf-1a0b893b7291,2,hat_box,27.9
6da624f8-c703-41b3-b8cf-1a0b893b7291,3,wardrobe_trunk,17.3
a9af85da-ef6a-45a4-b348-9b651406c3e4,1,leather_case,25.0
a9af85da-ef6a-45a4-b348-9b651406c3e4,2,suitcase,16.8
58aaa39f-f592-419f-a948-d7e6c3154db2,1,wardrobe_trunk,37.7
58aaa39f-f592-419f-a948-d7e6c3154db2,2,trunk,33.2
58aaa39f-f592-419f-a948-d7e6c3154db2,3,jewelry_case,45.3
58aaa39f-f592-419f-a948-d7e6c3154db2,4,hat_box,33.9
744bd839-601b-46f2-93d8-c4dc045c41a8,1,duffel_bag,16.8
cb0211a5-32c7-4d6e-a0bc-dc246ca2ea42,1,hat_box,27.3
cb0211a5-32c7-4d6e-a0bc-dc246ca2ea42,2,jewelry_case,25.6
cb0211a5-32c7-4d6e-a0bc-dc246ca2ea42,3,trunk,34.3
cb0211a5-32c7-4d6e-a0bc-dc246ca2ea42,4,hat_box,39.2
cb0211a5-32c7-4d6e-a0bc-dc246ca2ea42,5,wardrobe_trunk,49.5
9abd5490-3abf-460c-84b0-50e17875d2ae,1,suitcase,16.5
9abd5490-3abf-460c-84b0-50e17875d2ae,2,leather_case,28.9
612b39d2-fec6-43e8-93da-3f7b510aac8b,1,canvas_bag,5.8
612b39d2-fec6-43e8-93da-3f7b510aac8b,2,duffel_bag,10.0
4ca88a54-c286-429d-acca-42d1219b7798,1,hat_box,48.7
4ca88a54-c286-429d-acca-42d1219b7798,2,hat_box,21.1
4ca88a54-c286-429d-acca-42d1219b7798,3,suitcase,41.0
ae0fc7d3-c888-4cfc-8c61-3330b40382fd,1,trunk,39.8
ae0fc7d3-c888-4cfc-8c61-3330b40382fd,2,suitcase,29.5
ae0fc7d3-c888-4cfc-8c61-3330b40382fd,3,wardrobe_trunk,31.8
3d08e1cf-c986-47d7-86dd-8d6090473d2e,1,small_suitcase,20.3
debb9d9e-55f6-44ad-b67d-ddb5ff3bbf52,1,small_suitcase,22.4
2389214f-96fb-416d-b8fb-f20d8dccc24c,1,hat_box,41.1
2389214f-96fb-416d-b8fb-f20d8dccc24c,2,hat_box,40.2
2389214f-96fb-416d-b8fb-f20d8dccc24c,3,hat_box,34.7
2389214f-96fb-416d-b8fb-f20d8dccc24c,4,wardrobe_trunk,21.1
2389214f-96fb-416d-b8fb-f20d8dccc24c,5,suitcase,31.4
0a40608b-c19f-4cad-993d-2b871a0069f3,1,jewelry_case,32.3
0a40608b-c19f-4cad-993d-2b871a0069f3,2,trunk,44.2
0a40608b-c19f-4cad-993d-2b871a0069f3,3,jewelry_case,29.3
0a40608b-c19f-4cad-993d-2b871a0069f3,4,trunk,41.7
0a40608b-c19f-4cad-993d-2b871a0069f3,5,suitcase,41.4
0d967646-b5ba-4a4f-93a2-36c44162a02a,1,leather_case,11.3
0d967646-b5ba-4a4f-93a2-36c44162a02a,2,travel_bag,12.2
0d967646-b5ba-4a4f-93a2-36c44162a02a,3,small_trunk,28.2
1bd90ee8-b9af-474f-a733-7c8dbd6094bb,1,canvas_bag,20.7
a67533d8-bc36-408c-b81c-a9252ef36e5d,1,hat_box,33.5
a67533d8-bc36-408c-b81c-a9252ef36e5d,2,wardrobe_trunk,25.8
a67533d8-bc36-408c-b81c-a9252ef36e5d,3,jewelry_case,33.3
a67533d8-bc36-408c-b81c-a9252ef36e5d,4,suitcase,29.8
a67533d8-bc36-408c-b81c-a9252ef36e5d,5,wardrobe_trunk,33.1
e1b08454-9358-4023-90d2-69c6375126b7,1,canvas_bag,23.3
e1b08454-9358-4023-90d2-69c6375126b7,2,cloth_bundle,8.2
81c48141-9e81-4647-8a14-6267ab179762,1,trunk,32.1
81c48141-9e81-4647-8a14-6267ab179762,2,wardrobe_trunk,28.4
81c48141-9e81-4647-8a14-6267ab179762,3,hat_box,20.2
670d8b75-43ad-4c77-8952-92148a3e719d,1,travel_bag,11.9
670d8b75-43ad-4c77-8952-92148a3e719d,2,leather_case,31.4
ed91464f-7fe2-4663-bad1-15f3796cff00,1,cloth_bundle,6.9
ed91464f-7fe2-4663-bad1-15f3796cff00,2,canvas_bag,8.6
322fe408-1c80-4b19-a9f3-fdb4eeadb6a2,1,canvas_bag,16.8
ee91bff4-7390-458c-8698-4a58076e71b3,1,travel_bag,17.7
ee91bff4-7390-458c-8698-4a58076e71b3,2,leather_case,23.9
ee91bff4-7390-458c-8698-4a58076e71b3,3,suitcase,29.9
001c43f2-cc62-405f-bc6b-32fe01ac690e,1,hat_box,43.0
001c43f2-cc62-405f-bc6b-32fe01ac690e,2,wardrobe_trunk,30.6
001c43f2-cc62-405f-bc6b-32fe01ac690e,3,wardrobe_trunk,38.6
001c43f2-cc62-405f-bc6b-32fe01ac690e,4,wardrobe_trunk,31.1
e9e05eff-3786-4013-89b8-29242917c148,1,duffel_bag,11.7
e9e05eff-3786-4013-89b8-29242917c148,2,canvas_bag,7.0
ef387ca4-6e85-45e7-99cd-5ad256b18f15,1,small_suitcase,6.9
132a4a4b-3103-498c-b4ba-b5fe15f165a7,1,small_suitcase,8.6
132a4a4b-3103-498c-b4ba-b5fe15f165a7,2,small_suitcase,13.6
ad1c43ed-e3de-4430-94a9-8e2a9ce8648d,1,small_suitcase,16.6
7f2ec8b1-0832-47f6-9ab4-1780f07f8914,1,travel_bag,12.8
7f2ec8b1-0832-47f6-9ab4-1780f07f8914,2,small_trunk,18.8
e734bdf6-75b0-44f0-816f-472516d26330,1,travel_bag,14.2
e734bdf6-75b0-44f0-816f-472516d26330,2,small_trunk,29.4
259299da-d2c3-4971-a213-534efb61dc32,1,cloth_bundle,7.1
259299da-d2c3-4971-a213-534efb61dc32,2,duffel_bag,7.3
65d0abcc-95bc-4da0-8ffc-9108eb7ce11f,1,trunk,24.4
65d0abcc-95bc-4da0-8ffc-9108eb7ce11f,2,trunk,19.0
65d0abcc-95bc-4da0-8ffc-9108eb7ce11f,3,trunk,43.2
38bd401c-951f-4130-850d-e24d30b7c96d,1,suitcase,13.5
38bd401c-951f-4130-850d-e24d30b7c96d,2,suitcase,11.4
42bb918b-5f57-4a46-a9ff-e688cd2adf3c,1,cloth_bundle,9.8
42bb918b-5f57-4a46-a9ff-e688cd2adf3c,2,canvas_bag,12.4
daea5103-78da-4b55-9c9e-bb8d5622f8a5,1,duffel_bag,23.0
daea5103-78da-4b55-9c9e-bb8d5622f8a5,2,duffel_bag,13.7
7427f949-510c-49cb-92c7-8949442ad035,1,duffel_bag,12.5
ecff2300-ac2b-44f2-ab87-470fb84f1db9,1,cloth_bundle,3.6
d237ffd6-5ba0-46ee-aed3-e56f855a815b,1,travel_bag,28.6
d237ffd6-5ba0-46ee-aed3-e56f855a815b,2,small_trunk,27.0
27f032da-7a80-4159-ba89-fa0a064dd65d,1,canvas_bag,10.2
27f032da-7a80-4159-ba89-fa0a064dd65d,2,cloth_bundle,5.5
5e869e0b-85b6-427e-a946-9c8fbdf0e62d,1,duffel_bag,13.0
5e869e0b-85b6-427e-a946-9c8fbdf0e62d,2,canvas_bag,20.7
8def8961-38ce-415c-a7ee-67d391816347,1,jewelry_case,48.3
8def8961-38ce-415c-a7ee-67d391816347,2,jewelry_case,42.6
8def8961-38ce-415c-a7ee-67d391816347,3,suitcase,38.0
8def8961-38ce-415c-a7ee-67d391816347,4,hat_box,21.0
f045f4c5-3c44-4e74-848b-46613040b830,1,cloth_bundle,6.3
f045f4c5-3c44-4e74-848b-46613040b830,2,small_suitcase,21.4
15c7db18-35be-40bb-98ee-677070aefada,1,suitcase,28.4
15c7db18-35be-40bb-98ee-677070aefada,2,trunk,45.4
15c7db18-35be-40bb-98ee-677070aefada,3,hat_box,37.2
15c7db18-35be-40bb-98ee-677070aefada,4,trunk,47.8
f34b42ed-5cc5-4f0e-9f31-eaed2e6046a2,1,wardrobe_trunk,30.9
f34b42ed-5cc5-4f0e-9f31-eaed2e6046a2,2,jewelry_case,46.1
f34b42ed-5cc5-4f0e-9f31-eaed2e6046a2,3,suitcase,17.3
f34b42ed-5cc5-4f0e-9f31-eaed2e6046a2,4,suitcase,47.7
f34b42ed-5cc5-4f0e-9f31-eaed2e6046a2,5,wardrobe_trunk,26.4
b6d7c8ab-2863-467e-87e2-f425889bfe80,1,canvas_bag,22.9
a80a3126-e002-42cd-9821-c6c62cd1b876,1,cloth_bundle,15.0
cd236b87-5f61-416d-96f3-056f83a9a6e6,1,cloth_bundle,18.6
7ec52754-c6d2-4e9d-9d7e-2e7565891a91,1,cloth_bundle,22.9
7ec52754-c6d2-4e9d-9d7e-2e7565891a91,2,cloth_bundle,24.8
aef5773f-8704-4315-994a-412d555bba31,1,hat_box,42.6
aef5773f-8704-4315-994a-412d555bba31,2,suitcase,24.1
aef5773f-8704-4315-994a-412d555bba31,3,suitcase,17.9
aef5773f-8704-4315-994a-412d555bba31,4,jewelry_case,18.4
aef5773f-8704-4315-994a-412d555bba31,5,hat_box,39.2
e2459d47-b6f7-43fe-9a58-8f9366ac90d9,1,jewelry_case,15.1
e2459d47-b6f7-43fe-9a58-8f9366ac90d9,2,trunk,36.4
e2459d47-b6f7-43fe-9a58-8f9366ac90d9,3,suitcase,16.3
e2459d47-b6f7-43fe-9a58-8f9366ac90d9,4,jewelry_case,49.0
d5ea71aa-810e-423d-a43b-f0334fde23c3,1,small_suitcase,15.7
5127b43c-2287-4334-8e5f-6223bcb1b5ad,1,small_suitcase,6.3
fe237248-3145-49c3-873a-23103a548d48,1,trunk,46.4
fe237248-3145-49c3-873a-23103a548d48,2,jewelry_case,39.9
fe237248-3145-49c3-873a-23103a548d48,3,wardrobe_trunk,15.5
e6ad54d8-c647-4d81-b7a7-bec10adba6f3,1,cloth_bundle,21.0
593b1287-935b-4a99-8b30-8702e67f4d3e,1,wardrobe_trunk,35.1
593b1287-935b-4a99-8b30-8702e67f4d3e,2,jewelry_case,29.1
593b1287-935b-4a99-8b30-8702e67f4d3e,3,jewelry_case,26.6
593b1287-935b-4a99-8b30-8702e67f4d3e,4,wardrobe_trunk,44.0
593b1287-935b-4a99-8b30-8702e67f4d3e,5,jewelry_case,38.4
c6052c47-f9aa-49ef-8ea0-bd0cc31c6808,1,cloth_bundle,22.0
c6052c47-f9aa-49ef-8ea0-bd0cc31c6808,2,duffel_bag,12.4
d8d938e1-1396-4c3c-890a-df58b8659d79,1,cloth_bundle,7.8
d8d938e1-1396-4c3c-890a-df58b8659d79,2,canvas_bag,5.4
80a0f31f-a62f-435a-b1fd-3a09d70793a8,1,cloth_bundle,12.7
80a0f31f-a62f-435a-b1fd-3a09d70793a8,2,canvas_bag,8.6
5ccad55e-577d-4a90-ad6d-47eda35b9f48,1,canvas_bag,9.6
5ccad55e-577d-4a90-ad6d-47eda35b9f48,2,cloth_bundle,16.8
d5ecd80e-9acd-41e1-bf53-9a17e2de63b3,1,small_suitcase,18.7
d5ecd80e-9acd-41e1-bf53-9a17e2de63b3,2,duffel_bag,19.9
2a9c1ecc-8e1a-4ad6-a24a-038ea3cdfc1e,1,hat_box,44.1
2a9c1ecc-8e1a-4ad6-a24a-038ea3cdfc1e,2,suitcase,42.7
2a9c1ecc-8e1a-4ad6-a24a-038ea3cdfc1e,3,jewelry_case,30.2
2a9c1ecc-8e1a-4ad6-a24a-038ea3cdfc1e,4,suitcase,20.4
55515663-0335-4a0c-b3d5-09b587f0f673,1,hat_box,22.2
55515663-0335-4a0c-b3d5-09b587f0f673,2,trunk,37.5
55515663-0335-4a0c-b3d5-09b587f0f673,3,wardrobe_trunk,28.9
55515663-0335-4a0c-b3d5-09b587f0f673,4,hat_box,34.4
55515663-0335-4a0c-b3d5-09b587f0f673,5,jewelry_case,27.2
b9517549-89c3-4567-9569-1ad6cc09012f,1,small_trunk,30.7
b9517549-89c3-4567-9569-1ad6cc09012f,2,travel_bag,14.9
403d6cdf-1639-42df-8e7d-2eb1a66c225e,1,suitcase,49.2
403d6cdf-1639-42df-8e7d-2eb1a66c225e,2,trunk,26.7
403d6cdf-1639-42df-8e7d-2eb1a66c225e,3,trunk,34.5
403d6cdf-1639-42df-8e7d-2eb1a66c225e,4,hat_box,33.0
403d6cdf-1639-42df-8e7d-2eb1a66c225e,5,jewelry_case,27.3
90d25042-a734-46be-9617-5d6718874506,1,cloth_bundle,7.6
f99c2813-61c7-4efc-8f2c-2620633b434d,1,cloth_bundle,20.0
f99c2813-61c7-4efc-8f2c-2620633b434d,2,cloth_bundle,9.6
6daecf0e-63d7-4202-b76e-f07b4ea4cc63,1,small_suitcase,12.0
6daecf0e-63d7-4202-b76e-f07b4ea4cc63,2,duffel_bag,17.8
e3956e6b-11e8-434b-b941-744c6d2ddce2,1,canvas_bag,21.9
932d4b64-f6ab-42e6-bec1-803e9cfc84bf,1,hat_box,45.4
932d4b64-f6ab-42e6-bec1-803e9cfc84bf,2,jewelry_case,25.5
932d4b64-f6ab-42e6-bec1-803e9cfc84bf,3,suitcase,23.5
932d4b64-f6ab-42e6-bec1-803e9cfc84bf,4,jewelry_case,20.7
932d4b64-f6ab-42e6-bec1-803e9cfc84bf,5,wardrobe_trunk,43.8
fb542ce8-af5b-49de-94d1-12e80b50f924,1,trunk,35.0
fb542ce8-af5b-49de-94d1-12e80b50f924,2,trunk,21.5
fb542ce8-af5b-49de-94d1-12e80b50f924,3,trunk,28.7
fb542ce8-af5b-49de-94d1-12e80b50f924,4,hat_box,28.7
d68cd073-5468-4382-8db8-231257b4dca9,1,duffel_bag,9.5
bcb89255-a09e-4dc7-b744-04651360ba43,1,jewelry_case,40.9
bcb89255-a09e-4dc7-b744-04651360ba43,2,hat_box,40.4
bcb89255-a09e-4dc7-b744-04651360ba43,3,jewelry_case,37.3
8dea0a73-a9ac-4624-a8c6-259ac1b88969,1,leather_case,18.3
8dea0a73-a9ac-4624-a8c6-259ac1b88969,2,leather_case,27.8
ca043290-9daf-4804-90c3-4272a0c511f9,1,canvas_bag,10.4
ca043290-9daf-4804-90c3-4272a0c511f9,2,small_suitcase,23.3
6c67285b-10e5-4edf-811c-fd376249dd50,1,small_trunk,15.0
6c67285b-10e5-4edf-811c-fd376249dd50,2,suitcase,32.7
6c67285b-10e5-4edf-811c-fd376249dd50,3,leather_case,24.8
515105de-98d9-4915-ad46-c58b3b96392e,1,canvas_bag,20.4
8341fc7b-7198-4c74-87b9-6554268ac7c0,1,wardrobe_trunk,38.5
8341fc7b-7198-4c74-87b9-6554268ac7c0,2,hat_box,26.0
8341fc7b-7198-4c74-87b9-6554268ac7c0,3,trunk,35.8
c4ed6c20-af04-4952-8781-1999a82cb49f,1,cloth_bundle,9.3
6291c77d-d871-4de0-8ac1-8ed0ffaae5df,1,small_suitcase,16.7
6291c77d-d871-4de0-8ac1-8ed0ffaae5df,2,small_suitcase,15.6
fc6c13db-b1a4-467e-887e-f8caa4596fb1,1,suitcase,32.9
fc6c13db-b1a4-467e-887e-f8caa4596fb1,2,suitcase,45.5
fc6c13db-b1a4-467e-887e-f8caa4596fb1,3,trunk,22.7
9cdfeadd-d9c9-448a-8f29-ad9ef6807143,1,cloth_bundle,7.5
9cdfeadd-d9c9-448a-8f29-ad9ef6807143,2,cloth_bundle,19.1
d6b7f069-a635-4691-be26-b5959ab566dc,1,cloth_bundle,5.5
d6b7f069-a635-4691-be26-b5959ab566dc,2,canvas_bag,10.1
774ae766-a9e1-4f52-8cfc-56f7e49a5bcc,1,leather_case,20.4
774ae766-a9e1-4f52-8cfc-56f7e49a5bcc,2,small_trunk,26.6
a98c153f-8b84-4b02-a5e6-92b98b2dec97,1,jewelry_case,26.3
a98c153f-8b84-4b02-a5e6-92b98b2dec97,2,trunk,15.0
a98c153f-8b84-4b02-a5e6-92b98b2dec97,3,hat_box,48.8
a98c153f-8b84-4b02-a5e6-92b98b2dec97,4,jewelry_case,25.4
3c40d606-5944-4854-a1b3-7dbb9debaaaf,1,small_suitcase,7.3
71a5c415-d662-4512-8bc5-66f35cb2dfcf,1,small_trunk,20.4
71a5c415-d662-4512-8bc5-66f35cb2dfcf,2,suitcase,11.8
5d1b0be9-40bc-4402-a91a-e05e10d4df69,1,leather_case,14.2
5d1b0be9-40bc-4402-a91a-e05e10d4df69,2,small_trunk,15.7
52921ad0-8b7d-48bf-9e6c-82cca2b7f075,1,canvas_bag,13.4
c4491562-0de9-4a4f-89c1-fc6c6dc7d4c4,1,cloth_bundle,12.1
c4491562-0de9-4a4f-89c1-fc6c6dc7d4c4,2,canvas_bag,11.1
1ef93ec3-71a6-4a57-8eae-9cf21da604e9,1,cloth_bundle,17.5
1ef93ec3-71a6-4a57-8eae-9cf21da604e9,2,duffel_bag,20.8
d1792618-9834-409a-9176-c848c5c7df71,1,cloth_bundle,11.3
d1792618-9834-409a-9176-c848c5c7df71,2,canvas_bag,18.4
15722b1e-68ab-4052-929e-2c017a2cb038,1,travel_bag,20.9
15722b1e-68ab-4052-929e-2c017a2cb038,2,leather_case,9.0
5e3de18a-a91f-4db6-a1ef-f0ea036b33e0,1,suitcase,45.3
5e3de18a-a91f-4db6-a1ef-f0ea036b33e0,2,wardrobe_trunk,49.6
5e3de18a-a91f-4db6-a1ef-f0ea036b33e0,3,wardrobe_trunk,16.1
5e3de18a-a91f-4db6-a1ef-f0ea036b33e0,4,wardrobe_trunk,35.1
5e3de18a-a91f-4db6-a1ef-f0ea036b33e0,5,trunk,34.6
1a8d5f09-27a5-4869-94fc-b21659a500c9,1,wardrobe_trunk,49.0
1a8d5f09-27a5-4869-94fc-b21659a500c9,2,trunk,36.5
1a8d5f09-27a5-4869-94fc-b21659a500c9,3,wardrobe_trunk,40.3
f1dd68c2-f0d2-4f71-ae7e-11080e9f424c,1,duffel_bag,22.1
f1dd68c2-f0d2-4f71-ae7e-11080e9f424c,2,canvas_bag,7.8
6f799d81-7b00-4e96-b812-0cc8ac207331,1,suitcase,34.5
6f799d81-7b00-4e96-b812-0cc8ac207331,2,hat_box,27.5
6f799d81-7b00-4e96-b812-0cc8ac207331,3,wardrobe_trunk,21.1
e5eec2a7-278b-4e6c-b63e-1ceaf3837709,1,suitcase,25.5
e5eec2a7-278b-4e6c-b63e-1ceaf3837709,2,wardrobe_trunk,47.8
e5eec2a7-278b-4e6c-b63e-1ceaf3837709,3,hat_box,46.4
856bf04d-39f1-455b-a779-753d5728abf6,1,canvas_bag,7.4
fa609fa3-49dc-48d2-ba57-2f1fc88c93c1,1,canvas_bag,11.6
5511c010-c7ca-4161-819b-1b4e7593d1ad,1,travel_bag,22.1
5511c010-c7ca-4161-819b-1b4e7593d1ad,2,suitcase,10.1
5511c010-c7ca-4161-819b-1b4e7593d1ad,3,suitcase,29.1
babc18bd-6d7a-45e5-9d70-8ae66809c791,1,trunk,36.4
babc18bd-6d7a-45e5-9d70-8ae66809c791,2,jewelry_case,42.9
babc18bd-6d7a-45e5-9d70-8ae66809c791,3,hat_box,46.7
252f50c5-e7b3-43cc-bfdc-bb55a3dd52b5,1,wardrobe_trunk,29.5
252f50c5-e7b3-43cc-bfdc-bb55a3dd52b5,2,trunk,18.1
252f50c5-e7b3-43cc-bfdc-bb55a3dd52b5,3,hat_box,47.9
252f50c5-e7b3-43cc-bfdc-bb55a3dd52b5,4,jewelry_case,27.7
252f50c5-e7b3-43cc-bfdc-bb55a3dd52b5,5,wardrobe_trunk,37.8
7d06de0e-72af-4224-94b9-c7ec303319a4,1,leather_case,28.8
7d06de0e-72af-4224-94b9-c7ec303319a4,2,small_trunk,14.7
ba25af40-2ef1-4e07-a184-a9c17db6e0f3,1,small_trunk,22.6
ba25af40-2ef1-4e07-a184-a9c17db6e0f3,2,small_trunk,25.9
ba25af40-2ef1-4e07-a184-a9c17db6e0f3,3,travel_bag,26.4
7cabf9d3-e015-4c00-a553-796982684073,1,canvas_bag,7.6
7cabf9d3-e015-4c00-a553-796982684073,2,small_suitcase,15.2
2cb6e2c2-2c90-434a-a032-2de8a8937464,1,leather_case,10.7
7a07ec31-a27d-4d14-b9cd-e24bef8b97ba,1,trunk,42.1
7a07ec31-a27d-4d14-b9cd-e24bef8b97ba,2,wardrobe_trunk,25.1
7a07ec31-a27d-4d14-b9cd-e24bef8b97ba,3,trunk,46.0
7a07ec31-a27d-4d14-b9cd-e24bef8b97ba,4,suitcase,18.0
7a07ec31-a27d-4d14-b9cd-e24bef8b97ba,5,hat_box,16.9
e38ab92e-d798-46e6-b317-7b81aab5a891,1,suitcase,22.4
e38ab92e-d798-46e6-b317-7b81aab5a891,2,suitcase,24.7
e38ab92e-d798-46e6-b317-7b81aab5a891,3,travel_bag,28.9
884cd65c-c9c5-4b24-ab5d-ddc4a26cef0d,1,duffel_bag,13.3
884cd65c-c9c5-4b24-ab5d-ddc4a26cef0d,2,canvas_bag,11.9
ae51b3b9-3b00-4eff-a156-1c125cdca1c0,1,cloth_bundle,8.4
ae51b3b9-3b00-4eff-a156-1c125cdca1c0,2,duffel_bag,6.2
bc2896f9-5faa-45fe-b0da-d700395632d6,1,canvas_bag,14.8
bc2e92ab-4806-487b-9ec5-f78763bcb4ca,1,suitcase,17.4
bc2e92ab-4806-487b-9ec5-f78763bcb4ca,2,wardrobe_trunk,15.7
bc2e92ab-4806-487b-9ec5-f78763bcb4ca,3,suitcase,30.9
4dc96c92-2378-4900-85bb-dca8e98da782,1,trunk,41.5
4dc96c92-2378-4900-85bb-dca8e98da782,2,trunk,38.0
4dc96c92-2378-4900-85bb-dca8e98da782,3,suitcase,46.7
4dc96c92-2378-4900-85bb-dca8e98da782,4,wardrobe_trunk,43.0
4dc96c92-2378-4900-85bb-dca8e98da782,5,trunk,32.6
e5258ffa-cdab-4f50-a737-0c8de88366d2,1,trunk,45.4
e5258ffa-cdab-4f50-a737-0c8de88366d2,2,hat_box,26.5
e5258ffa-cdab-4f50-a737-0c8de88366d2,3,jewelry_case,29.5
e5258ffa-cdab-4f50-a737-0c8de88366d2,4,suitcase,44.6
b6468ce0-a5fe-4fdd-b442-c5c36a92c5d7,1,wardrobe_trunk,21.8
b6468ce0-a5fe-4fdd-b442-c5c36a92c5d7,2,jewelry_case,29.8
b6468ce0-a5fe-4fdd-b442-c5c36a92c5d7,3,suitcase,37.8
1afeb328-e30f-43de-a13b-f4cded1e865c,1,cloth_bundle,6.1
1afeb328-e30f-43de-a13b-f4cded1e865c,2,duffel_bag,18.5
8779e90d-0931-4d76-9ed5-4ee1515d93e7,1,cloth_bundle,21.7
73d52533-3515-491b-8b40-9b6df1367777,1,canvas_bag,22.2
833ee236-a920-45e0-ab7c-1e1727b00819,1,leather_case,25.3
833ee236-a920-45e0-ab7c-1e1727b00819,2,small_trunk,24.5
c219299a-67c0-4fe2-a25b-be164fc911bf,1,duffel_bag,13.4
e67a43fb-b5a1-41fa-861a-9b060ac7b8ca,1,canvas_bag,23.9
89f55541-1ea4-4fbe-a3f3-e0491a59d774,1,duffel_bag,10.7
0830a232-a45b-415c-a6d7-113a3ef01be4,1,canvas_bag,10.6
0830a232-a45b-415c-a6d7-113a3ef01be4,2,canvas_bag,12.0
d51e5cfb-6059-4bbc-af44-2a078fb145b3,1,canvas_bag,24.2
82429d44-fe1e-4713-92db-77d809aac389,1,canvas_bag,7.3
ee0a0960-a500-4735-a8b4-537f3204f0b7,1,small_suitcase,6.3
9b6abcc9-eab7-4110-858e-f614511015b1,1,leather_case,32.7
9b6abcc9-eab7-4110-858e-f614511015b1,2,suitcase,22.3
addd7ae0-fdc3-4388-b741-799fceb880c9,1,trunk,16.6
addd7ae0-fdc3-4388-b741-799fceb880c9,2,trunk,49.2
addd7ae0-fdc3-4388-b741-799fceb880c9,3,trunk,34.4
34d506f2-a146-49f0-8f11-232b4810d53d,1,trunk,16.6
34d506f2-a146-49f0-8f11-232b4810d53d,2,wardrobe_trunk,45.0
34d506f2-a146-49f0-8f11-232b4810d53d,3,suitcase,35.4
34d506f2-a146-49f0-8f11-232b4810d53d,4,hat_box,29.4
061b5813-4c4d-4478-a4f8-294410f96702,1,duffel_bag,18.5
061b5813-4c4d-4478-a4f8-294410f96702,2,canvas_bag,16.9
7919734d-ddf0-4457-95bc-d9283b044630,1,duffel_bag,21.8
3ca9e505-31c1-40a4-b116-fb5968a5d16e,1,small_suitcase,13.3
3ca9e505-31c1-40a4-b116-fb5968a5d16e,2,duffel_bag,10.4
54502940-84dc-43ab-a072-6a82b63645e6,1,small_trunk,24.3
54502940-84dc-43ab-a072-6a82b63645e6,2,travel_bag,16.2
54502940-84dc-43ab-a072-6a82b63645e6,3,travel_bag,10.6
f5756dea-a57d-4473-9d57-dd2d5c0bba5d,1,jewelry_case,30.4
f5756dea-a57d-4473-9d57-dd2d5c0bba5d,2,suitcase,19.8
f5756dea-a57d-4473-9d57-dd2d5c0bba5d,3,jewelry_case,19.4
f5756dea-a57d-4473-9d57-dd2d5c0bba5d,4,wardrobe_trunk,27.5
82c7da37-5ebb-4778-96c0-b2af60073c8e,1,small_suitcase,20.3
09a54e7b-ac59-4315-87e6-47bca1f164d9,1,cloth_bundle,7.2
09a54e7b-ac59-4315-87e6-47bca1f164d9,2,duffel_bag,15.0
ce401257-3bcb-4662-a24e-0ab178552139,1,travel_bag,33.3
ce401257-3bcb-4662-a24e-0ab178552139,2,travel_bag,29.9
cd3e01ae-0a1a-4080-b18b-22652068088c,1,wardrobe_trunk,32.7
cd3e01ae-0a1a-4080-b18b-22652068088c,2,suitcase,42.0
cd3e01ae-0a1a-4080-b18b-22652068088c,3,jewelry_case,16.6
c2f43d57-9301-4bae-a4ec-0bb4501f2ff6,1,travel_bag,27.5
c2f43d57-9301-4bae-a4ec-0bb4501f2ff6,2,travel_bag,26.2
9350e810-d5f2-46b4-9df6-05babbd32c26,1,hat_box,33.1
9350e810-d5f2-46b4-9df6-05babbd32c26,2,suitcase,30.0
9350e810-d5f2-46b4-9df6-05babbd32c26,3,trunk,49.5
daa7ba3c-3896-4aee-8f2a-90d3b18e9662,1,cloth_bundle,9.7
daa7ba3c-3896-4aee-8f2a-90d3b18e9662,2,small_suitcase,6.0
40df8135-5c3d-4154-8bad-e2c8e71beb9a,1,trunk,39.9
40df8135-5c3d-4154-8bad-e2c8e71beb9a,2,trunk,41.6
40df8135-5c3d-4154-8bad-e2c8e71beb9a,3,hat_box,40.9
40df8135-5c3d-4154-8bad-e2c8e71beb9a,4,hat_box,18.4
d0d60b89-11e3-4f3e-b51a-98b82f112a42,1,leather_case,19.7
d0d60b89-11e3-4f3e-b51a-98b82f112a42,2,travel_bag,33.5
69481fff-9fec-4446-a6a7-2b1eb831fccf,1,trunk,16.3
69481fff-9fec-4446-a6a7-2b1eb831fccf,2,jewelry_case,47.8
69481fff-9fec-4446-a6a7-2b1eb831fccf,3,hat_box,26.4
69481fff-9fec-4446-a6a7-2b1eb831fccf,4,wardrobe_trunk,46.9
9c3c7b1f-9bf2-4a7e-ad7c-a221237400f5,1,small_suitcase,18.8
bf180a6e-7394-4cf3-ad0a-7d03635a133e,1,canvas_bag,8.4
02bec0a1-d2d8-4673-86da-ab232e8fbf06,1,canvas_bag,17.7
55696e7b-a45f-438c-afe0-d319481854a8,1,trunk,19.6
55696e7b-a45f-438c-afe0-d319481854a8,2,jewelry_case,27.2
55696e7b-a45f-438c-afe0-d319481854a8,3,hat_box,25.5
55696e7b-a45f-438c-afe0-d319481854a8,4,suitcase,33.0
55696e7b-a45f-438c-afe0-d319481854a8,5,trunk,20.2
c5f6b11d-0942-490f-9375-e014d2125741,1,small_suitcase,14.7
c5f6b11d-0942-490f-9375-e014d2125741,2,cloth_bundle,21.2
b276a238-d16f-4fb0-88b3-f8de9097c51d,1,cloth_bundle,24.1
a15be2f6-beb8-458f-b9df-31f345bd24c1,1,suitcase,28.5
a15be2f6-beb8-458f-b9df-31f345bd24c1,2,travel_bag,18.9
1a16cd67-4d23-4066-ac69-83f118142ebf,1,cloth_bundle,11.3
cc0accdc-f421-45de-a472-456ed5d530d4,1,travel_bag,28.2
cc0accdc-f421-45de-a472-456ed5d530d4,2,travel_bag,34.8
96c2f5a2-00f3-4c72-8dd2-8f0b0c3f5eb6,1,cloth_bundle,12.4
96c2f5a2-00f3-4c72-8dd2-8f0b0c3f5eb6,2,small_suitcase,14.3
48134b54-2e41-4acf-9cee-7bff0c2f979d,1,canvas_bag,12.8
48134b54-2e41-4acf-9cee-7bff0c2f979d,2,canvas_bag,24.4
2e461249-ec0d-4aa1-9143-9458176271bb,1,hat_box,23.3
2e461249-ec0d-4aa1-9143-9458176271bb,2,suitcase,20.5
2e461249-ec0d-4aa1-9143-9458176271bb,3,jewelry_case,39.5
5259e88a-4fa9-4a24-9454-ff407b64b818,1,small_trunk,10.7
5259e88a-4fa9-4a24-9454-ff407b64b818,2,travel_bag,24.1
30244b85-ad6a-4855-bdcf-98d81b7a6461,1,canvas_bag,7.3
30244b85-ad6a-4855-bdcf-98d81b7a6461,2,canvas_bag,7.6
84505105-0dd6-4a47-aacc-892309d3563e,1,jewelry_case,49.1
84505105-0dd6-4a47-aacc-892309d3563e,2,wardrobe_trunk,22.8
84505105-0dd6-4a47-aacc-892309d3563e,3,suitcase,38.7
84505105-0dd6-4a47-aacc-892309d3563e,4,hat_box,16.0
609dbb15-a5d9-4142-8f1a-2ea9f82b8798,1,small_suitcase,6.3
609dbb15-a5d9-4142-8f1a-2ea9f82b8798,2,canvas_bag,10.6
bd3fc6ca-b253-4911-a775-d7a8b499f4f6,1,suitcase,34.3
bd3fc6ca-b253-4911-a775-d7a8b499f4f6,2,jewelry_case,45.2
bd3fc6ca-b253-4911-a775-d7a8b499f4f6,3,suitcase,35.7
370cc060-816d-493a-87ae-4b9e3aafba2e,1,canvas_bag,5.5
6c64dfbe-5b3f-4a65-b2e4-6403ae91da72,1,duffel_bag,17.0
5c07d296-7900-4248-956c-d47bee1eb9d8,1,hat_box,25.6
5c07d296-7900-4248-956c-d47bee1eb9d8,2,trunk,21.1
5c07d296-7900-4248-956c-d47bee1eb9d8,3,jewelry_case,24.8
298921b5-4c9a-447f-b38a-566d22a0b1fc,1,suitcase,15.8
298921b5-4c9a-447f-b38a-566d22a0b1fc,2,leather_case,17.7
1443b124-cafa-418e-b3f9-87a1947f0c58,1,suitcase,36.8
1443b124-cafa-418e-b3f9-87a1947f0c58,2,jewelry_case,39.3
1443b124-cafa-418e-b3f9-87a1947f0c58,3,wardrobe_trunk,32.5
1443b124-cafa-418e-b3f9-87a1947f0c58,4,suitcase,41.6
1d8577ca-3c6f-4009-9b0b-91eacfa33811,1,small_suitcase,7.3
1d8577ca-3c6f-4009-9b0b-91eacfa33811,2,cloth_bundle,5.7
79cedad5-ff45-46d1-bb1a-1cd608fcdf94,1,canvas_bag,8.2
79cedad5-ff45-46d1-bb1a-1cd608fcdf94,2,canvas_bag,15.6
dbbd6947-c8c7-4af1-b69b-e7c45557f837,1,small_suitcase,6.8
b319b337-1366-45e4-857b-0b7a1900efc0,1,duffel_bag,20.3
b319b337-1366-45e4-857b-0b7a1900efc0,2,duffel_bag,14.2
38e2a4c3-3fe4-4153-bb5c-93edb82417b0,1,small_suitcase,22.6
38e2a4c3-3fe4-4153-bb5c-93edb82417b0,2,cloth_bundle,8.8
1b554c7d-4707-4531-a835-8332457ad144,1,suitcase,17.5
1b554c7d-4707-4531-a835-8332457ad144,2,suitcase,25.9
1b554c7d-4707-4531-a835-8332457ad144,3,leather_case,11.4
4358d898-ebb1-4e5a-91fb-d64d07d987b1,1,duffel_bag,5.4
4358d898-ebb1-4e5a-91fb-d64d07d987b1,2,canvas_bag,6.8
dddf368c-9457-4296-8bc2-cdafacd047bf,1,canvas_bag,17.0
dddf368c-9457-4296-8bc2-cdafacd047bf,2,canvas_bag,8.7
07443518-8ebd-4196-971e-cf1492a56bf9,1,travel_bag,12.5
274e0ad9-b729-475b-8577-138dfc5f44bd,1,leather_case,12.2
274e0ad9-b729-475b-8577-138dfc5f44bd,2,suitcase,21.3
274e0ad9-b729-475b-8577-138dfc5f44bd,3,leather_case,27.5
4d4c27a0-6e9e-4259-8d9d-e7e7465866ce,1,duffel_bag,11.9
4d4c27a0-6e9e-4259-8d9d-e7e7465866ce,2,cloth_bundle,19.7
b9928aa8-4dac-4007-8ea9-a56bc995b551,1,wardrobe_trunk,30.0
b9928aa8-4dac-4007-8ea9-a56bc995b551,2,suitcase,44.2
b9928aa8-4dac-4007-8ea9-a56bc995b551,3,wardrobe_trunk,35.8
b9928aa8-4dac-4007-8ea9-a56bc995b551,4,jewelry_case,32.6
b9928aa8-4dac-4007-8ea9-a56bc995b551,5,wardrobe_trunk,49.6
9128e27d-fdef-4801-acd4-2c585cbb3903,1,cloth_bundle,24.5
9128e27d-fdef-4801-acd4-2c585cbb3903,2,cloth_bundle,16.3
eaeeec33-5dfc-4dd5-844b-b5d3713eb3ba,1,cloth_bundle,7.5
eaeeec33-5dfc-4dd5-844b-b5d3713eb3ba,2,cloth_bundle,15.8
4c04a538-3e93-460a-adec-9bdf26cd1cf2,1,canvas_bag,15.3
0c011bfb-3dde-4ee5-b23c-aff8f686014e,1,trunk,19.3
0c011bfb-3dde-4ee5-b23c-aff8f686014e,2,suitcase,22.1
0c011bfb-3dde-4ee5-b23c-aff8f686014e,3,trunk,39.5
1bd902ec-b0d1-466a-8c0e-3a89130072bf,1,travel_bag,29.0
1bd902ec-b0d1-466a-8c0e-3a89130072bf,2,travel_bag,13.2
1ed4a557-c719-4e4c-862f-adeaa8835838,1,trunk,32.6
1ed4a557-c719-4e4c-862f-adeaa8835838,2,jewelry_case,33.8
1ed4a557-c719-4e4c-862f-adeaa8835838,3,trunk,33.8
1ed4a557-c719-4e4c-862f-adeaa8835838,4,trunk,43.3
1ed4a557-c719-4e4c-862f-adeaa8835838,5,hat_box,19.0
bea2edf7-5ee0-4f4c-a5cf-44c4cccd3715,1,duffel_bag,13.7
bea2edf7-5ee0-4f4c-a5cf-44c4cccd3715,2,duffel_bag,15.3
ca579ea0-477b-4b5b-b6cf-c77bdcfe462c,1,cloth_bundle,21.2
ca579ea0-477b-4b5b-b6cf-c77bdcfe462c,2,cloth_bundle,6.7
5b8e5a92-9a7c-4292-b2bf-b1e291675817,1,wardrobe_trunk,23.8
5b8e5a92-9a7c-4292-b2bf-b1e291675817,2,hat_box,29.6
5b8e5a92-9a7c-4292-b2bf-b1e291675817,3,suitcase,37.6
5b8e5a92-9a7c-4292-b2bf-b1e291675817,4,trunk,21.7
5b8e5a92-9a7c-4292-b2bf-b1e291675817,5,jewelry_case,42.0
ae896056-4160-4e77-92a3-eccd7c906a60,1,canvas_bag,19.4
638d06e5-0b64-4cbb-b11d-e10265f47a90,1,hat_box,19.4
638d06e5-0b64-4cbb-b11d-e10265f47a90,2,wardrobe_trunk,19.7
638d06e5-0b64-4cbb-b11d-e10265f47a90,3,trunk,30.2
638d06e5-0b64-4cbb-b11d-e10265f47a90,4,suitcase,16.0
638d06e5-0b64-4cbb-b11d-e10265f47a90,5,suitcase,35.0
2b0e16ce-7372-4772-827e-c581922109ee,1,jewelry_case,32.5
2b0e16ce-7372-4772-827e-c581922109ee,2,suitcase,45.6
2b0e16ce-7372-4772-827e-c581922109ee,3,jewelry_case,30.5
2b0e16ce-7372-4772-827e-c581922109ee,4,trunk,44.1
2b0e16ce-7372-4772-827e-c581922109ee,5,hat_box,26.6
976a2adf-89fb-48c4-9811-ed1df7a0dabd,1,canvas_bag,16.8
d67593ab-aae3-4d75-a2a0-8d0f2c2eced0,1,suitcase,10.8
d67593ab-aae3-4d75-a2a0-8d0f2c2eced0,2,travel_bag,18.6
55eb351b-0396-4af7-8ce6-47700721c14a,1,cloth_bundle,21.7
01cf06aa-8d67-4e86-b53f-1537ef72687b,1,small_trunk,13.9
01cf06aa-8d67-4e86-b53f-1537ef72687b,2,travel_bag,12.2
b6ca21e8-cb97-4e1f-97d9-779e9d3331e7,1,duffel_bag,12.9
e133a7e2-1738-4d59-9034-70442e9faeb6,1,cloth_bundle,12.7
e133a7e2-1738-4d59-9034-70442e9faeb6,2,duffel_bag,12.9
38b5bb7f-b34d-46a7-9d05-2c870701e9a7,1,small_suitcase,8.0
6271e5f0-ae09-4b83-9686-4df1af2032ee,1,suitcase,48.6
6271e5f0-ae09-4b83-9686-4df1af2032ee,2,wardrobe_trunk,16.9
6271e5f0-ae09-4b83-9686-4df1af2032ee,3,hat_box,17.5
6271e5f0-ae09-4b83-9686-4df1af2032ee,4,hat_box,15.8
6271e5f0-ae09-4b83-9686-4df1af2032ee,5,jewelry_case,46.1
e0e8feba-182a-480c-9f41-8c87699f88f4,1,canvas_bag,16.4
113200ac-ef37-4182-8a16-627c9f735a23,1,canvas_bag,10.3
94b670ba-5448-436e-bb94-d6c0342ee5f2,1,canvas_bag,14.3
52526ce3-9bea-4505-bc4b-771fee1f62c9,1,hat_box,48.1
52526ce3-9bea-4505-bc4b-771fee1f62c9,2,wardrobe_trunk,42.0
52526ce3-9bea-4505-bc4b-771fee1f62c9,3,trunk,25.2
52526ce3-9bea-4505-bc4b-771fee1f62c9,4,suitcase,24.8
52526ce3-9bea-4505-bc4b-771fee1f62c9,5,wardrobe_trunk,47.1
db6859a5-3486-4d22-a312-6cb1779c0b14,1,canvas_bag,9.3
db6859a5-3486-4d22-a312-6cb1779c0b14,2,canvas_bag,10.2
655bc1f7-20d7-4107-8459-21ee31976995,1,trunk,34.9
655bc1f7-20d7-4107-8459-21ee31976995,2,trunk,29.5
655bc1f7-20d7-4107-8459-21ee31976995,3,suitcase,26.2
3dc52c61-0a1c-4d39-8d3c-408cab5ac113,1,canvas_bag,10.5
3dc52c61-0a1c-4d39-8d3c-408cab5ac113,2,small_suitcase,9.7
ffaa9cfb-d5cd-4ef0-8248-9250a2a57a39,1,cloth_bundle,15.4
6e66cb07-7789-4f6f-b401-3ea37472e209,1,small_suitcase,12.6
36af8fd1-d08e-46ff-8d63-4cffd44afb5c,1,small_trunk,16.9
36af8fd1-d08e-46ff-8d63-4cffd44afb5c,2,leather_case,34.9
c0d541d1-ed8e-4ce3-b16b-1541cb1aa98b,1,canvas_bag,23.6
c381daf2-02a4-4bbc-ae56-5cccfb8a7200,1,cloth_bundle,18.3
85b66efc-85bd-4a53-8da2-c4483745554c,1,cloth_bundle,10.2
03bd1b18-879a-42bf-a0aa-54d53abfc319,1,small_trunk,32.1
03bd1b18-879a-42bf-a0aa-54d53abfc319,2,leather_case,11.2
79900a68-0c45-46b6-9930-c3f3954f7456,1,duffel_bag,19.7
79900a68-0c45-46b6-9930-c3f3954f7456,2,small_suitcase,15.3
c1a1cc3a-7b45-4d3d-a747-fd546576c596,1,canvas_bag,15.9
c1a1cc3a-7b45-4d3d-a747-fd546576c596,2,small_suitcase,16.2
d87224ab-5b8f-4d59-86bf-00a0cb80e8a5,1,leather_case,34.8
d87224ab-5b8f-4d59-86bf-00a0cb80e8a5,2,travel_bag,14.8
d87224ab-5b8f-4d59-86bf-00a0cb80e8a5,3,suitcase,32.3
2d34a554-8738-48fe-b4f0-14ac0d7b65ad,1,hat_box,22.5
2d34a554-8738-48fe-b4f0-14ac0d7b65ad,2,jewelry_case,32.2
2d34a554-8738-48fe-b4f0-14ac0d7b65ad,3,trunk,43.3
2d34a554-8738-48fe-b4f0-14ac0d7b65ad,4,hat_box,37.6
2d34a554-8738-48fe-b4f0-14ac0d7b65ad,5,jewelry_case,48.2
0f3fd80a-4c19-465d-a404-28a9b79f904f,1,jewelry_case,37.4
0f3fd80a-4c19-465d-a404-28a9b79f904f,2,trunk,47.0
0f3fd80a-4c19-465d-a404-28a9b79f904f,3,jewelry_case,41.8
3cfe465b-5010-4adf-9ece-28b33c353513,1,cloth_bundle,15.9
3cfe465b-5010-4adf-9ece-28b33c353513,2,canvas_bag,18.6
7f7bf3c7-e5ee-4b66-ac74-1ee576dd66c9,1,suitcase,26.5
7f7bf3c7-e5ee-4b66-ac74-1ee576dd66c9,2,wardrobe_trunk,18.8
7f7bf3c7-e5ee-4b66-ac74-1ee576dd66c9,3,wardrobe_trunk,36.2
7f7bf3c7-e5ee-4b66-ac74-1ee576dd66c9,4,trunk,23.7
517414fe-c7f9-426b-ada6-ff4dafd60c23,1,cloth_bundle,22.9
f3b6ebd2-0030-4a07-9e91-32fbcaa12b94,1,canvas_bag,5.3
102099fd-20eb-4c62-a397-84fbbcd6f3fe,1,suitcase,33.8
102099fd-20eb-4c62-a397-84fbbcd6f3fe,2,leather_case,16.5
102099fd-20eb-4c62-a397-84fbbcd6f3fe,3,small_trunk,31.8
e62e8f43-4315-4227-92b5-81d4bbacd13d,1,leather_case,14.4
e62e8f43-4315-4227-92b5-81d4bbacd13d,2,small_trunk,11.4
e62e8f43-4315-4227-92b5-81d4bbacd13d,3,suitcase,34.1
e24bfdcf-f13c-4f13-9833-54a179384e80,1,cloth_bundle,5.2
e24bfdcf-f13c-4f13-9833-54a179384e80,2,small_suitcase,10.8
828555d4-a1c1-48d9-8faa-ac518531bbed,1,duffel_bag,6.8
658631c5-0efc-4121-81a7-56155ab1d9fb,1,wardrobe_trunk,41.3
658631c5-0efc-4121-81a7-56155ab1d9fb,2,wardrobe_trunk,21.9
658631c5-0efc-4121-81a7-56155ab1d9fb,3,suitcase,37.1
98b1fbe8-2b80-407a-a2db-fd34031616a8,1,suitcase,23.6
98b1fbe8-2b80-407a-a2db-fd34031616a8,2,suitcase,24.0
d38946ac-8470-4b8b-a30b-fdc8b5f78796,1,trunk,46.5
d38946ac-8470-4b8b-a30b-fdc8b5f78796,2,wardrobe_trunk,46.8
d38946ac-8470-4b8b-a30b-fdc8b5f78796,3,hat_box,16.9
a01bc187-a02b-454b-a0ca-d7dce9bffa1a,1,travel_bag,22.1
a01bc187-a02b-454b-a0ca-d7dce9bffa1a,2,leather_case,13.0
b0f4ae56-43a1-4406-9f5e-0c85ef22acfb,1,travel_bag,16.0
b0f4ae56-43a1-4406-9f5e-0c85ef22acfb,2,suitcase,29.3
2bdd9fd6-4c76-410c-bb7c-652fea9c309f,1,suitcase,26.2
2bdd9fd6-4c76-410c-bb7c-652fea9c309f,2,travel_bag,27.5
c570c2b5-b2c2-49f9-bb05-ca6c35ed81be,1,cloth_bundle,21.9
c570c2b5-b2c2-49f9-bb05-ca6c35ed81be,2,duffel_bag,7.8
f9bf8454-98f2-4d91-bd95-db102cdcc9ab,1,canvas_bag,11.8
f9bf8454-98f2-4d91-bd95-db102cdcc9ab,2,canvas_bag,14.0
973206b0-dc5a-4d59-abb9-1505708c846c,1,small_suitcase,16.0
973206b0-dc5a-4d59-abb9-1505708c846c,2,cloth_bundle,22.1
d6636986-ce98-486c-a936-b855e5084bbf,1,small_suitcase,17.5
d6636986-ce98-486c-a936-b855e5084bbf,2,canvas_bag,23.8
51901a0f-b882-4ce5-9f1d-df726dfc52cb,1,wardrobe_trunk,42.4
51901a0f-b882-4ce5-9f1d-df726dfc52cb,2,trunk,33.1
51901a0f-b882-4ce5-9f1d-df726dfc52cb,3,trunk,23.1
51901a0f-b882-4ce5-9f1d-df726dfc52cb,4,wardrobe_trunk,27.1
4a127e8f-26e7-4d8f-bccb-7e93b1d889fc,1,duffel_bag,20.8
4a127e8f-26e7-4d8f-bccb-7e93b1d889fc,2,canvas_bag,13.9
7db2e084-00ec-477b-add3-b158ff0472f0,1,trunk,43.9
7db2e084-00ec-477b-add3-b158ff0472f0,2,trunk,40.8
7db2e084-00ec-477b-add3-b158ff0472f0,3,trunk,46.7
139b2744-f5e5-46e1-94e7-556896e5200e,1,duffel_bag,6.4
139b2744-f5e5-46e1-94e7-556896e5200e,2,canvas_bag,23.9
5315b42e-3081-4a92-9159-bfb6b6e9379f,1,cloth_bundle,6.0
5315b42e-3081-4a92-9159-bfb6b6e9379f,2,small_suitcase,20.4
4a470cfd-22f1-47e3-870a-cce6ffdd4004,1,leather_case,17.7
4a470cfd-22f1-47e3-870a-cce6ffdd4004,2,travel_bag,12.6
4a470cfd-22f1-47e3-870a-cce6ffdd4004,3,travel_bag,17.7
10811ca7-6586-465a-bb65-381d10944283,1,suitcase,30.2
10811ca7-6586-465a-bb65-381d10944283,2,leather_case,21.9
10811ca7-6586-465a-bb65-381d10944283,3,leather_case,23.4
eef4851e-048f-426e-b90d-bc23f355f157,1,canvas_bag,22.6
eef4851e-048f-426e-b90d-bc23f355f157,2,duffel_bag,23.0
ece0b9a9-f26e-4ab3-9401-8bb1647db67d,1,small_suitcase,20.8
ece0b9a9-f26e-4ab3-9401-8bb1647db67d,2,cloth_bundle,17.7
cba0829a-7bf8-474a-b04f-b1365fa9aa6f,1,cloth_bundle,7.2
cba0829a-7bf8-474a-b04f-b1365fa9aa6f,2,canvas_bag,23.3
078756d2-a379-4d97-966a-2e2d864069b6,1,jewelry_case,30.4
078756d2-a379-4d97-966a-2e2d864069b6,2,jewelry_case,30.7
078756d2-a379-4d97-966a-2e2d864069b6,3,wardrobe_trunk,18.7
078756d2-a379-4d97-966a-2e2d864069b6,4,wardrobe_trunk,30.9
078756d2-a379-4d97-966a-2e2d864069b6,5,wardrobe_trunk,48.3
04f5270d-b22c-4e36-930c-36de073bf99b,1,trunk,15.9
04f5270d-b22c-4e36-930c-36de073bf99b,2,hat_box,29.1
04f5270d-b22c-4e36-930c-36de073bf99b,3,trunk,49.5
04f5270d-b22c-4e36-930c-36de073bf99b,4,wardrobe_trunk,27.9
20c9d17d-a91c-4245-b753-1f08093412ad,1,cloth_bundle,12.7
010ed1a2-8f40-41c0-9440-e4eaa68c23bf,1,canvas_bag,23.2
b53fa583-5c6e-43c6-b450-c2ae35f2069c,1,canvas_bag,16.8
b53fa583-5c6e-43c6-b450-c2ae35f2069c,2,cloth_bundle,13.3
f9990c76-2f77-49e9-a0c0-54608d554485,1,hat_box,43.0
f9990c76-2f77-49e9-a0c0-54608d554485,2,wardrobe_trunk,27.4
f9990c76-2f77-49e9-a0c0-54608d554485,3,hat_box,30.7
f9990c76-2f77-49e9-a0c0-54608d554485,4,jewelry_case,37.6
f9990c76-2f77-49e9-a0c0-54608d554485,5,suitcase,17.6
030c9436-d321-4440-9ea2-243b3b19f0e0,1,small_trunk,31.7
030c9436-d321-4440-9ea2-243b3b19f0e0,2,small_trunk,17.7
51ef6b68-dde2-426a-a748-54e2d4a8eeda,1,duffel_bag,9.8
51ef6b68-dde2-426a-a748-54e2d4a8eeda,2,cloth_bundle,9.6
691a0b5a-d881-48ba-ade9-ddcc220a9234,1,duffel_bag,11.6
72c1c6ad-2472-433f-939b-4b7025bfbe4f,1,hat_box,48.9
72c1c6ad-2472-433f-939b-4b7025bfbe4f,2,trunk,37.1
72c1c6ad-2472-433f-939b-4b7025bfbe4f,3,jewelry_case,28.9
aa8ad64c-35d6-4f61-a590-0c4423bbd6d5,1,cloth_bundle,15.8
aa8ad64c-35d6-4f61-a590-0c4423bbd6d5,2,cloth_bundle,6.3
c2483e15-0eff-4398-ac68-589a2ec0e59c,1,jewelry_case,49.7
c2483e15-0eff-4398-ac68-589a2ec0e59c,2,hat_box,34.5
c2483e15-0eff-4398-ac68-589a2ec0e59c,3,hat_box,36.7
c2483e15-0eff-4398-ac68-589a2ec0e59c,4,trunk,18.3
c2483e15-0eff-4398-ac68-589a2ec0e59c,5,trunk,24.0
1e374809-0783-4ba6-8b59-e1715d4a91fa,1,wardrobe_trunk,32.7
1e374809-0783-4ba6-8b59-e1715d4a91fa,2,hat_box,23.9
1e374809-0783-4ba6-8b59-e1715d4a91fa,3,wardrobe_trunk,40.2
1e374809-0783-4ba6-8b59-e1715d4a91fa,4,suitcase,39.7
1e374809-0783-4ba6-8b59-e1715d4a91fa,5,suitcase,17.7
5b4fcbb5-0c28-4c3a-8b21-51226f808ba8,1,small_suitcase,22.6
5b4fcbb5-0c28-4c3a-8b21-51226f808ba8,2,cloth_bundle,5.6
de6a4f79-8d8e-4e2b-8b47-87e968479d97,1,canvas_bag,16.3
3518d675-f47e-4f43-a5c0-c68ff279c765,1,small_suitcase,8.3
2c1ddc49-957f-418f-bf17-048c852ef92c,1,suitcase,32.3
2c1ddc49-957f-418f-bf17-048c852ef92c,2,suitcase,12.8
41f28eb5-c975-46c8-81c2-7e37e1d3e16e,1,suitcase,32.2
41f28eb5-c975-46c8-81c2-7e37e1d3e16e,2,travel_bag,27.7
c440022d-e337-4dae-a625-2e83712fc144,1,jewelry_case,31.7
c440022d-e337-4dae-a625-2e83712fc144,2,jewelry_case,20.7
c440022d-e337-4dae-a625-2e83712fc144,3,trunk,23.4
db8f0661-5d1a-4306-a494-e99337de40c1,1,jewelry_case,37.1
db8f0661-5d1a-4306-a494-e99337de40c1,2,trunk,25.1
db8f0661-5d1a-4306-a494-e99337de40c1,3,hat_box,43.2
db8f0661-5d1a-4306-a494-e99337de40c1,4,jewelry_case,30.3
0f190fd9-60e2-49d8-8d5f-211faa95eb94,1,cloth_bundle,9.3
0f190fd9-60e2-49d8-8d5f-211faa95eb94,2,small_suitcase,8.3
5dc329cf-c582-4db6-82c1-a878ab2938cf,1,suitcase,39.8
5dc329cf-c582-4db6-82c1-a878ab2938cf,2,jewelry_case,17.3
5dc329cf-c582-4db6-82c1-a878ab2938cf,3,hat_box,20.2
5dc329cf-c582-4db6-82c1-a878ab2938cf,4,jewelry_case,20.3
5dc329cf-c582-4db6-82c1-a878ab2938cf,5,suitcase,36.2
47bc5127-dec2-4e3b-83e5-1e910d926e6d,1,hat_box,29.2
47bc5127-dec2-4e3b-83e5-1e910d926e6d,2,wardrobe_trunk,47.5
47bc5127-dec2-4e3b-83e5-1e910d926e6d,3,jewelry_case,24.3
47bc5127-dec2-4e3b-83e5-1e910d926e6d,4,hat_box,44.3
47bc5127-dec2-4e3b-83e5-1e910d926e6d,5,hat_box,24.3
0ad1f38a-d882-4695-b765-aaf6a93d9a7e,1,trunk,25.3
0ad1f38a-d882-4695-b765-aaf6a93d9a7e,2,trunk,22.1
0ad1f38a-d882-4695-b765-aaf6a93d9a7e,3,trunk,37.1
1d3c2bcc-a1bf-4ee8-aea8-83909ad5916b,1,canvas_bag,18.7
d1e4384d-6422-4495-918b-be3608dafe1f,1,leather_case,33.3
d1e4384d-6422-4495-918b-be3608dafe1f,2,travel_bag,34.4
c61045d9-5472-49fe-b02e-5631c81ae46d,1,small_suitcase,23.2
c61045d9-5472-49fe-b02e-5631c81ae46d,2,duffel_bag,17.3
72445069-b755-4d2d-8d58-df340e72b9a2,1,jewelry_case,37.7
72445069-b755-4d2d-8d58-df340e72b9a2,2,jewelry_case,36.1
72445069-b755-4d2d-8d58-df340e72b9a2,3,trunk,35.0
72445069-b755-4d2d-8d58-df340e72b9a2,4,trunk,44.4
51b4e827-9afe-4453-bb02-ba5e0bc77b51,1,suitcase,31.9
51b4e827-9afe-4453-bb02-ba5e0bc77b51,2,small_trunk,16.3
81d4735b-02c1-470c-b4ac-109e4d761c81,1,duffel_bag,12.8
81d4735b-02c1-470c-b4ac-109e4d761c81,2,cloth_bundle,13.8
f1f6cbdd-4fc9-4518-8824-bd0df326b14c,1,canvas_bag,10.6
e2f6866a-833b-467a-aa7b-18236eb1ad36,1,small_trunk,23.4
e2f6866a-833b-467a-aa7b-18236eb1ad36,2,travel_bag,7.4
cddd1c12-74dc-4084-8fea-70db6984389d,1,canvas_bag,13.6
5b9b33be-35da-4e57-a485-ebbd658a319c,1,suitcase,12.4
5b9b33be-35da-4e57-a485-ebbd658a319c,2,travel_bag,23.4
5b9b33be-35da-4e57-a485-ebbd658a319c,3,suitcase,33.3
a24dfd85-fd71-4de7-8d54-4bfe76b44f08,1,leather_case,12.1
a24dfd85-fd71-4de7-8d54-4bfe76b44f08,2,small_trunk,16.2
a24dfd85-fd71-4de7-8d54-4bfe76b44f08,3,small_trunk,20.3
125a9f6e-a229-425c-91b9-9905a16838fb,1,hat_box,39.7
125a9f6e-a229-425c-91b9-9905a16838fb,2,trunk,42.6
125a9f6e-a229-425c-91b9-9905a16838fb,3,suitcase,15.8
125a9f6e-a229-425c-91b9-9905a16838fb,4,suitcase,22.0
125a9f6e-a229-425c-91b9-9905a16838fb,5,suitcase,47.8
4275dcf0-bf13-4ceb-a382-f211e8aeb571,1,small_suitcase,15.1
4275dcf0-bf13-4ceb-a382-f211e8aeb571,2,canvas_bag,16.9
c869c97e-23bc-46d1-9fd0-0c517aeb4ff2,1,suitcase,10.5
c869c97e-23bc-46d1-9fd0-0c517aeb4ff2,2,leather_case,14.9
c869c97e-23bc-46d1-9fd0-0c517aeb4ff2,3,travel_bag,12.8
351dddb0-263a-4106-97a9-aab3e7c05902,1,canvas_bag,17.0
351dddb0-263a-4106-97a9-aab3e7c05902,2,small_suitcase,8.6
a5c62e9b-ae8c-44fe-b23c-5b4439289462,1,small_trunk,23.9
a5c62e9b-ae8c-44fe-b23c-5b4439289462,2,leather_case,34.4
a5c62e9b-ae8c-44fe-b23c-5b4439289462,3,travel_bag,12.8
dcd51eb4-42d1-4ddc-8f88-35fa0ba50d01,1,canvas_bag,15.1
a3ca446b-41b0-4382-b597-24d5d59ef03c,1,hat_box,16.5
a3ca446b-41b0-4382-b597-24d5d59ef03c,2,wardrobe_trunk,21.6
a3ca446b-41b0-4382-b597-24d5d59ef03c,3,suitcase,29.8
a3ca446b-41b0-4382-b597-24d5d59ef03c,4,trunk,19.3
03d7dbb8-06d6-4137-9c8c-30389b2b398e,1,small_suitcase,8.5
2c48c193-a73e-481f-a6e8-d088ab9e2949,1,small_trunk,11.0
2c48c193-a73e-481f-a6e8-d088ab9e2949,2,suitcase,23.7
b43ce990-f564-49c8-95df-aa7dcb151e56,1,travel_bag,21.9
b43ce990-f564-49c8-95df-aa7dcb151e56,2,small_trunk,16.3
b43ce990-f564-49c8-95df-aa7dcb151e56,3,small_trunk,34.8
c3b3d4b9-8859-4997-b8f2-7738d19a200c,1,leather_case,18.8
c3b3d4b9-8859-4997-b8f2-7738d19a200c,2,suitcase,16.5
01919b00-bbee-4892-960f-c279ca650601,1,cloth_bundle,16.7
01919b00-bbee-4892-960f-c279ca650601,2,canvas_bag,10.6
e94ce2d7-3ea9-4200-80bf-286de209e444,1,cloth_bundle,20.2
939c7a36-01ef-47e4-a1a4-fa6baee95cf7,1,jewelry_case,36.5
939c7a36-01ef-47e4-a1a4-fa6baee95cf7,2,hat_box,20.3
939c7a36-01ef-47e4-a1a4-fa6baee95cf7,3,hat_box,30.8
939c7a36-01ef-47e4-a1a4-fa6baee95cf7,4,hat_box,26.1
939c7a36-01ef-47e4-a1a4-fa6baee95cf7,5,suitcase,48.2
0095bd9e-f724-4ea0-b36c-14c422372fa6,1,small_suitcase,8.1
dd0c9aac-9f85-4b34-84c2-4a441129d3f5,1,small_suitcase,20.6
ece4e66b-3e35-4cd5-bfc7-6707ca02dcac,1,wardrobe_trunk,30.8
ece4e66b-3e35-4cd5-bfc7-6707ca02dcac,2,hat_box,40.6
ece4e66b-3e35-4cd5-bfc7-6707ca02dcac,3,wardrobe_trunk,49.1
ece4e66b-3e35-4cd5-bfc7-6707ca02dcac,4,hat_box,24.6
77cf396a-2b7d-4049-880e-0e37576d46a5,1,trunk,25.6
77cf396a-2b7d-4049-880e-0e37576d46a5,2,wardrobe_trunk,38.7
77cf396a-2b7d-4049-880e-0e37576d46a5,3,trunk,46.8
77cf396a-2b7d-4049-880e-0e37576d46a5,4,jewelry_case,37.8
dc68b41d-2b85-4e0b-a0e6-39350d66e27c,1,hat_box,27.5
dc68b41d-2b85-4e0b-a0e6-39350d66e27c,2,jewelry_case,22.4
dc68b41d-2b85-4e0b-a0e6-39350d66e27c,3,suitcase,41.2
dc68b41d-2b85-4e0b-a0e6-39350d66e27c,4,suitcase,35.5
dc68b41d-2b85-4e0b-a0e6-39350d66e27c,5,wardrobe_trunk,34.8
a4692f7a-ee5d-46aa-a8ae-fafcefe9e99b,1,small_suitcase,5.5
c4a1e482-80dd-4394-a38c-bc55b48f6ae4,1,canvas_bag,11.4
c4a1e482-80dd-4394-a38c-bc55b48f6ae4,2,duffel_bag,12.6
8dc80c56-0624-4368-99ac-ad932805ae20,1,wardrobe_trunk,21.2
8dc80c56-0624-4368-99ac-ad932805ae20,2,wardrobe_trunk,21.3
8dc80c56-0624-4368-99ac-ad932805ae20,3,trunk,47.8
8dc80c56-0624-4368-99ac-ad932805ae20,4,hat_box,27.2
8dc80c56-0624-4368-99ac-ad932805ae20,5,wardrobe_trunk,22.8
565b299f-f8fd-4101-95c0-5750aed07f11,1,duffel_bag,6.4
565b299f-f8fd-4101-95c0-5750aed07f11,2,small_suitcase,5.6
ae2d57fc-f32f-4f90-a11f-67d566fb80b3,1,travel_bag,11.0
ae2d57fc-f32f-4f90-a11f-67d566fb80b3,2,leather_case,28.4
9029231a-a115-4992-a739-5820ac93f89d,1,trunk,36.9
9029231a-a115-4992-a739-5820ac93f89d,2,wardrobe_trunk,40.5
9029231a-a115-4992-a739-5820ac93f89d,3,hat_box,40.7
9029231a-a115-4992-a739-5820ac93f89d,4,wardrobe_trunk,23.7
9029231a-a115-4992-a739-5820ac93f89d,5,hat_box,36.4
1fa424cc-c9be-4e3a-9225-dcdd44a2062a,1,cloth_bundle,16.6
1fa424cc-c9be-4e3a-9225-dcdd44a2062a,2,duffel_bag,18.4
f092870f-17e7-4219-9f93-880787b4de39,1,leather_case,13.6
f092870f-17e7-4219-9f93-880787b4de39,2,leather_case,16.8
eb879343-9c6d-47bb-b549-15b647eaea24,1,canvas_bag,3.9
92dc8ccc-af5a-43c2-84be-f1cbd6727d96,1,cloth_bundle,20.1
0babac3a-e985-49f3-ba14-b5a8162ca523,1,small_suitcase,20.8
88182aab-38d6-451b-ae9a-7ba80081481f,1,small_trunk,23.0
88182aab-38d6-451b-ae9a-7ba80081481f,2,small_trunk,30.8
88182aab-38d6-451b-ae9a-7ba80081481f,3,suitcase,27.3
434da032-7067-4f9f-aa54-851bf502d1e7,1,small_trunk,10.9
434da032-7067-4f9f-aa54-851bf502d1e7,2,small_trunk,7.4
96dd86d6-7736-4c01-9a61-f049874991df,1,cloth_bundle,11.6
a3e6116b-1a4c-4fd5-ba99-6884c3c93d29,1,small_trunk,15.3
a3e6116b-1a4c-4fd5-ba99-6884c3c93d29,2,leather_case,18.9
a3e6116b-1a4c-4fd5-ba99-6884c3c93d29,3,small_trunk,17.2
a39d622f-9b2f-4202-bdf5-1a3371c31396,1,duffel_bag,7.6
a9506ad9-f726-4ef6-b003-a7cc65d8ce21,1,hat_box,34.6
a9506ad9-f726-4ef6-b003-a7cc65d8ce21,2,suitcase,22.5
a9506ad9-f726-4ef6-b003-a7cc65d8ce21,3,hat_box,24.9
a9506ad9-f726-4ef6-b003-a7cc65d8ce21,4,jewelry_case,33.9
c22c75f8-75f5-4948-8df4-a34789aed952,1,small_suitcase,22.6
7f7dacd0-3f19-4e65-a515-42e6758fcf86,1,small_suitcase,21.4
8005c6d9-c87d-4434-b82c-880ef99e1123,1,cloth_bundle,19.3
621c36c5-8c82-4845-be0e-8696c19113f5,1,jewelry_case,39.1
621c36c5-8c82-4845-be0e-8696c19113f5,2,suitcase,35.6
621c36c5-8c82-4845-be0e-8696c19113f5,3,jewelry_case,38.8
621c36c5-8c82-4845-be0e-8696c19113f5,4,wardrobe_trunk,34.0
c249432a-35bb-4560-a159-3998f21c85c2,1,small_suitcase,21.0
287911f6-cba8-4efd-aa4c-f8ef77985e8c,1,hat_box,39.4
287911f6-cba8-4efd-aa4c-f8ef77985e8c,2,hat_box,43.7
287911f6-cba8-4efd-aa4c-f8ef77985e8c,3,hat_box,29.6
30298e7a-d56c-4b23-93de-bdde5a26cffd,1,wardrobe_trunk,44.6
30298e7a-d56c-4b23-93de-bdde5a26cffd,2,jewelry_case,26.3
30298e7a-d56c-4b23-93de-bdde5a26cffd,3,jewelry_case,42.7
30298e7a-d56c-4b23-93de-bdde5a26cffd,4,suitcase,37.5
30298e7a-d56c-4b23-93de-bdde5a26cffd,5,jewelry_case,22.1
7edfc5a4-7209-4d4c-9f0f-ea84a41b97a0,1,cloth_bundle,11.1
7edfc5a4-7209-4d4c-9f0f-ea84a41b97a0,2,small_suitcase,15.6
0664a8c6-6bc4-47df-a22e-a02c6217cc66,1,duffel_bag,5.8
97b9c5b4-9ce4-4b33-9288-054c38f7f642,1,small_suitcase,20.1
97b9c5b4-9ce4-4b33-9288-054c38f7f642,2,cloth_bundle,22.3
ac65b887-0861-4904-9fc5-7f8852c0f35a,1,canvas_bag,22.3
ac65b887-0861-4904-9fc5-7f8852c0f35a,2,canvas_bag,19.5
57ef76f0-c607-4c5d-b905-161938dea70d,1,duffel_bag,22.9
cba2ce18-3e49-499b-a674-03d0918433a6,1,small_trunk,24.7
cba2ce18-3e49-499b-a674-03d0918433a6,2,suitcase,19.7
cba2ce18-3e49-499b-a674-03d0918433a6,3,suitcase,11.8
cb70d308-56f5-418b-b9a4-e73202d4573e,1,small_suitcase,22.7
a5562846-6e7c-4ef3-91ea-5c464112ea0e,1,small_trunk,23.5
a5562846-6e7c-4ef3-91ea-5c464112ea0e,2,travel_bag,23.7
53075cd6-e355-49e6-ab17-48d616ad939a,1,cloth_bundle,18.9
346b7a4c-518a-49ba-8db4-2896e0420fc3,1,canvas_bag,23.2
346b7a4c-518a-49ba-8db4-2896e0420fc3,2,duffel_bag,13.0
56665f93-461b-46d5-a351-b31b8a19f4fa,1,small_suitcase,5.9
90ed7ba4-c609-4218-9bdc-ef5bd3cdb062,1,small_suitcase,10.0
cf0ddc76-6d47-44f2-bffb-c42bf11ba71d,1,jewelry_case,17.2
cf0ddc76-6d47-44f2-bffb-c42bf11ba71d,2,hat_box,27.1
cf0ddc76-6d47-44f2-bffb-c42bf11ba71d,3,hat_box,32.5
cf0ddc76-6d47-44f2-bffb-c42bf11ba71d,4,hat_box,22.0
cf0ddc76-6d47-44f2-bffb-c42bf11ba71d,5,jewelry_case,40.0
7467b866-6816-4c75-8d83-d636b53b565e,1,duffel_bag,5.2
7467b866-6816-4c75-8d83-d636b53b565e,2,cloth_bundle,13.4
35df9821-b4a0-4fe9-b08e-1a5452eb931b,1,trunk,41.3
35df9821-b4a0-4fe9-b08e-1a5452eb931b,2,suitcase,30.3
35df9821-b4a0-4fe9-b08e-1a5452eb931b,3,suitcase,44.3
35df9821-b4a0-4fe9-b08e-1a5452eb931b,4,suitcase,23.2
35df9821-b4a0-4fe9-b08e-1a5452eb931b,5,wardrobe_trunk,42.0
1168da5b-4698-41fd-a2a4-85d9358e9623,1,suitcase,46.0
1168da5b-4698-41fd-a2a4-85d9358e9623,2,wardrobe_trunk,16.6
1168da5b-4698-41fd-a2a4-85d9358e9623,3,wardrobe_trunk,25.3
1168da5b-4698-41fd-a2a4-85d9358e9623,4,hat_box,16.0
58181463-d868-4c40-a3fd-58791d1de548,1,cloth_bundle,22.0
58181463-d868-4c40-a3fd-58791d1de548,2,cloth_bundle,19.2
d2fe04b8-1dbe-4273-8fe5-8ad45e35bec6,1,canvas_bag,15.1
d2fe04b8-1dbe-4273-8fe5-8ad45e35bec6,2,small_suitcase,7.1
180a8354-d310-4147-8931-0703e958026d,1,small_suitcase,15.7
180a8354-d310-4147-8931-0703e958026d,2,duffel_bag,24.9
1df6e844-f343-44f6-932e-e3e3b66b4995,1,small_suitcase,16.2
1df6e844-f343-44f6-932e-e3e3b66b4995,2,cloth_bundle,10.5
6bae5d2c-8e9e-4b19-9992-3ee0713805fd,1,duffel_bag,17.5
2e7ecf35-d16b-4cee-929c-fce639af5b78,1,canvas_bag,15.1
a3323ee0-cace-4ca3-8481-bf4a447a4da2,1,jewelry_case,47.7
a3323ee0-cace-4ca3-8481-bf4a447a4da2,2,jewelry_case,39.9
a3323ee0-cace-4ca3-8481-bf4a447a4da2,3,suitcase,33.6
a3323ee0-cace-4ca3-8481-bf4a447a4da2,4,jewelry_case,19.0
a3323ee0-cace-4ca3-8481-bf4a447a4da2,5,suitcase,45.2
17ddd52c-ad88-44ae-bc61-911666be0c05,1,small_suitcase,10.0
ddac63d6-6b65-4d2d-a4e5-2d10add6decf,1,suitcase,17.2
ddac63d6-6b65-4d2d-a4e5-2d10add6decf,2,small_trunk,21.8
9f0f9e43-ee2f-402a-95ee-cc531ec030bf,1,canvas_bag,21.6
9f0f9e43-ee2f-402a-95ee-cc531ec030bf,2,canvas_bag,10.7
4e20cd98-aab7-49ac-a125-27548c38eb4d,1,hat_box,33.0
4e20cd98-aab7-49ac-a125-27548c38eb4d,2,trunk,34.7
4e20cd98-aab7-49ac-a125-27548c38eb4d,3,trunk,35.4
6710b425-a23d-47e3-8378-5750829febea,1,canvas_bag,17.5
6710b425-a23d-47e3-8378-5750829febea,2,cloth_bundle,14.8
d45a7d45-f230-445f-910a-84230bd263ad,1,leather_case,14.3
d45a7d45-f230-445f-910a-84230bd263ad,2,suitcase,29.0
d45a7d45-f230-445f-910a-84230bd263ad,3,travel_bag,30.8
947db1bf-cffb-4e9a-a077-5cc54e58d28e,1,hat_box,30.7
947db1bf-cffb-4e9a-a077-5cc54e58d28e,2,jewelry_case,27.0
947db1bf-cffb-4e9a-a077-5cc54e58d28e,3,jewelry_case,48.9
947db1bf-cffb-4e9a-a077-5cc54e58d28e,4,wardrobe_trunk,30.6
c781e512-558d-4e86-aee2-9ee41f65c28f,1,cloth_bundle,22.4
c781e512-558d-4e86-aee2-9ee41f65c28f,2,duffel_bag,22.3
0abb73bf-6e94-4bf4-a99c-1c16c46fa607,1,duffel_bag,16.4
04718a8d-7f9a-41ca-b9dd-7b1154d76d4e,1,duffel_bag,20.9
b8394df4-5615-4ce3-9e48-22aa25f390c5,1,leather_case,10.8
b8394df4-5615-4ce3-9e48-22aa25f390c5,2,suitcase,19.0
b8394df4-5615-4ce3-9e48-22aa25f390c5,3,suitcase,18.1
4be51e1d-ee2e-4701-93e2-4cc622766ad5,1,small_trunk,34.9
4be51e1d-ee2e-4701-93e2-4cc622766ad5,2,small_trunk,21.4
4be51e1d-ee2e-4701-93e2-4cc622766ad5,3,leather_case,25.8
31d809f0-3995-442a-b43e-28343e376e9f,1,wardrobe_trunk,29.1
31d809f0-3995-442a-b43e-28343e376e9f,2,hat_box,16.6
6bbb5b9c-6035-4801-82de-703703d9ba88,1,cloth_bundle,12.4
c9dd04e5-7c79-46c7-89ed-d53c906ffdde,1,small_suitcase,7.1
c9dd04e5-7c79-46c7-89ed-d53c906ffdde,2,small_suitcase,9.2
78b083a2-3c59-4070-9aff-de4cd6cb7adf,1,duffel_bag,9.2
78b083a2-3c59-4070-9aff-de4cd6cb7adf,2,small_suitcase,20.0
eaa3663a-76ab-41e3-b505-d3fe1555f001,1,trunk,45.5
eaa3663a-76ab-41e3-b505-d3fe1555f001,2,jewelry_case,33.1
eaa3663a-76ab-41e3-b505-d3fe1555f001,3,trunk,15.9
eaa3663a-76ab-41e3-b505-d3fe1555f001,4,wardrobe_trunk,26.2
2adb27fb-a625-4130-87fc-b24f534e2076,1,canvas_bag,7.3
74c8ca4c-fafa-40c2-b182-c06dd1074066,1,small_trunk,24.1
74c8ca4c-fafa-40c2-b182-c06dd1074066,2,travel_bag,25.9
74c8ca4c-fafa-40c2-b182-c06dd1074066,3,travel_bag,22.9
6b48a4be-088d-426d-8183-76e0abadf352,1,trunk,17.9
6b48a4be-088d-426d-8183-76e0abadf352,2,jewelry_case,25.3
6b48a4be-088d-426d-8183-76e0abadf352,3,hat_box,38.0
6b48a4be-088d-426d-8183-76e0abadf352,4,suitcase,19.2
6b48a4be-088d-426d-8183-76e0abadf352,5,hat_box,45.8
31965c44-6900-43b5-8ea8-98ed1822be36,1,duffel_bag,20.7
0c85cd38-8008-462e-a3a3-a6ccccea9ae9,1,small_suitcase,14.3
52d9c419-6e90-405d-941b-7559d7252bb4,1,small_trunk,23.0
52d9c419-6e90-405d-941b-7559d7252bb4,2,suitcase,11.9
a038763b-4da2-4341-b3b5-f7b5edc22349,1,small_suitcase,5.5
265d159d-4f2b-40b0-9474-fa5f996b2e5b,1,small_suitcase,21.2
ef03c830-3e75-4a9e-aa8f-b43d2cac7e3a,1,suitcase,18.0
ef03c830-3e75-4a9e-aa8f-b43d2cac7e3a,2,wardrobe_trunk,40.1
ef03c830-3e75-4a9e-aa8f-b43d2cac7e3a,3,jewelry_case,15.2
ef03c830-3e75-4a9e-aa8f-b43d2cac7e3a,4,jewelry_case,26.5
ef03c830-3e75-4a9e-aa8f-b43d2cac7e3a,5,hat_box,23.5
dd907761-b250-4671-a735-b8dcbb2989b7,1,duffel_bag,8.9
dd907761-b250-4671-a735-b8dcbb2989b7,2,canvas_bag,19.4
cd042fba-52e2-48c0-bb9c-3dadaa5045c9,1,suitcase,15.7
cd042fba-52e2-48c0-bb9c-3dadaa5045c9,2,travel_bag,15.5
126c2b94-d762-4250-bd9c-1cac9079b53f,1,small_suitcase,12.9
126c2b94-d762-4250-bd9c-1cac9079b53f,2,canvas_bag,9.9
1a3e6ee5-3d0a-4b5f-8129-5a9c3bb589ef,1,canvas_bag,11.2
f8deb905-5d4c-4f90-aec7-00eb525b2ef0,1,jewelry_case,21.1
f8deb905-5d4c-4f90-aec7-00eb525b2ef0,2,trunk,31.4
f8deb905-5d4c-4f90-aec7-00eb525b2ef0,3,trunk,31.9
f8deb905-5d4c-4f90-aec7-00eb525b2ef0,4,trunk,22.3
f8deb905-5d4c-4f90-aec7-00eb525b2ef0,5,suitcase,32.9
e41dae0c-8e91-4ddf-a949-d8f084547a56,1,canvas_bag,21.5
e41dae0c-8e91-4ddf-a949-d8f084547a56,2,cloth_bundle,15.3
f055f72e-546a-4c93-a971-beb2dec4aee2,1,suitcase,48.1
f055f72e-546a-4c93-a971-beb2dec4aee2,2,hat_box,16.7
f055f72e-546a-4c93-a971-beb2dec4aee2,3,trunk,18.8
f055f72e-546a-4c93-a971-beb2dec4aee2,4,trunk,39.7
f055f72e-546a-4c93-a971-beb2dec4aee2,5,wardrobe_trunk,17.0
32268e45-60be-49a1-b26b-46e3ff5573ab,1,cloth_bundle,6.0
32268e45-60be-49a1-b26b-46e3ff5573ab,2,cloth_bundle,12.9
a0a13be7-4664-41cc-ab27-129da16ac00e,1,cloth_bundle,14.0
72e2269e-61fb-41e6-bab6-2243b1271790,1,cloth_bundle,18.0
72e2269e-61fb-41e6-bab6-2243b1271790,2,small_suitcase,20.4
263b4076-4228-482e-af13-4c4a7dc7fa1a,1,cloth_bundle,7.3
d6eb8b53-e578-44d3-bdc6-3e52dfad73e7,1,small_trunk,12.5
06b843fe-4bab-4432-b5ee-4667d700524d,1,cloth_bundle,17.1
06b843fe-4bab-4432-b5ee-4667d700524d,2,canvas_bag,23.6
a67cf024-c984-4ef8-b217-24ee64493c8d,1,hat_box,36.9
a67cf024-c984-4ef8-b217-24ee64493c8d,2,jewelry_case,39.0
a67cf024-c984-4ef8-b217-24ee64493c8d,3,wardrobe_trunk,29.0
a67cf024-c984-4ef8-b217-24ee64493c8d,4,hat_box,35.5
b6204bf4-b83b-4b72-bae4-65d9384105b3,1,duffel_bag,13.1
39bf4aba-25c9-4870-b278-11a30666b58a,1,suitcase,12.9
5d8feaf8-2c4c-418a-98a6-09ae83ec6229,1,canvas_bag,6.7
5d8feaf8-2c4c-418a-98a6-09ae83ec6229,2,canvas_bag,12.5
e8ccb306-b262-41c7-9057-cb58176e0d66,1,duffel_bag,21.8
e8ccb306-b262-41c7-9057-cb58176e0d66,2,small_suitcase,9.1
391f3cce-2fcc-48f7-8174-7b7c8acea0c1,1,cloth_bundle,22.6
cd31f829-cc5f-4e23-bebc-54dd3c2344d0,1,jewelry_case,35.4
cd31f829-cc5f-4e23-bebc-54dd3c2344d0,2,jewelry_case,43.1
cd31f829-cc5f-4e23-bebc-54dd3c2344d0,3,hat_box,18.2
cd31f829-cc5f-4e23-bebc-54dd3c2344d0,4,wardrobe_trunk,17.0
38cf79d6-d093-4688-aef9-a6ef4a043213,1,small_suitcase,24.5
f0ca6d8b-0b65-4067-a933-eb1398d3f960,1,canvas_bag,6.9
c67e0468-2e2f-4f79-b981-4416ba879dcb,1,duffel_bag,22.2
c67e0468-2e2f-4f79-b981-4416ba879dcb,2,duffel_bag,24.7
c63a10a0-af08-4398-8f5f-91e28bff251d,1,jewelry_case,37.0
c63a10a0-af08-4398-8f5f-91e28bff251d,2,wardrobe_trunk,21.8
c63a10a0-af08-4398-8f5f-91e28bff251d,3,jewelry_case,29.2
c63a10a0-af08-4398-8f5f-91e28bff251d,4,jewelry_case,35.6
c63a10a0-af08-4398-8f5f-91e28bff251d,5,wardrobe_trunk,47.3
facdac27-1ae8-4189-9266-1ef85a13ccda,1,canvas_bag,24.4
facdac27-1ae8-4189-9266-1ef85a13ccda,2,canvas_bag,22.6
aaa0d6f8-0f4f-49ee-a8c0-e80f2c41f52d,1,leather_case,18.6
aaa0d6f8-0f4f-49ee-a8c0-e80f2c41f52d,2,small_trunk,32.1
aaa0d6f8-0f4f-49ee-a8c0-e80f2c41f52d,3,travel_bag,26.7
327621a9-40f6-476c-820d-edbd18c4da56,1,jewelry_case,37.1
327621a9-40f6-476c-820d-edbd18c4da56,2,trunk,33.9
327621a9-40f6-476c-820d-edbd18c4da56,3,jewelry_case,48.8
bae475b7-7f39-4011-97c2-9ca5da0a7d2b,1,cloth_bundle,15.0
bae475b7-7f39-4011-97c2-9ca5da0a7d2b,2,duffel_bag,22.6
65fbb9ba-385b-43ec-a8f1-36b6418f98c3,1,small_suitcase,14.6
4871c143-91e4-43f8-acc4-89b0ac92e74d,1,cloth_bundle,5.9
575ca34e-314e-44c4-834d-5c5418320f11,1,duffel_bag,11.7
575ca34e-314e-44c4-834d-5c5418320f11,2,duffel_bag,8.1
9e97f8b4-7e8f-42c2-846e-a1d6644d8775,1,cloth_bundle,17.6
9e97f8b4-7e8f-42c2-846e-a1d6644d8775,2,small_suitcase,23.8
e169d76e-e65f-43e6-9d47-0cebbd1bec9b,1,small_trunk,22.6
e169d76e-e65f-43e6-9d47-0cebbd1bec9b,2,travel_bag,16.1
c4eba804-b9ba-4b71-8e81-15a6f400c59f,1,wardrobe_trunk,45.6
c4eba804-b9ba-4b71-8e81-15a6f400c59f,2,trunk,34.3
c4eba804-b9ba-4b71-8e81-15a6f400c59f,3,wardrobe_trunk,18.7
c4eba804-b9ba-4b71-8e81-15a6f400c59f,4,trunk,25.1
c4eba804-b9ba-4b71-8e81-15a6f400c59f,5,trunk,31.2
40e24310-bc3a-4a14-bc11-abff1783776b,1,canvas_bag,11.8
14bbbc32-c261-4750-af12-70c60e304583,1,canvas_bag,21.0
14bbbc32-c261-4750-af12-70c60e304583,2,cloth_bundle,18.6
d30abe98-87b9-4280-a3af-0471a2b63a20,1,small_suitcase,9.3
0d0d7e34-440a-4544-9986-6725edb768f6,1,jewelry_case,47.1
0d0d7e34-440a-4544-9986-6725edb768f6,2,trunk,28.2
0d0d7e34-440a-4544-9986-6725edb768f6,3,wardrobe_trunk,20.3
1a177d36-7244-4841-bd63-ca796942b1cf,1,travel_bag,24.8
1a177d36-7244-4841-bd63-ca796942b1cf,2,suitcase,21.4
1a177d36-7244-4841-bd63-ca796942b1cf,3,small_trunk,34.1
757d22a4-c2d4-4a92-b9fe-ec5f8ff62d82,1,small_suitcase,10.1
4348b1e5-34f0-4f04-b862-3db2592cba5e,1,jewelry_case,30.8
4348b1e5-34f0-4f04-b862-3db2592cba5e,2,jewelry_case,33.1
4348b1e5-34f0-4f04-b862-3db2592cba5e,3,suitcase,48.1
7e99aed3-d393-44da-b4c1-a33ea1fee2f7,1,hat_box,48.0
7e99aed3-d393-44da-b4c1-a33ea1fee2f7,2,jewelry_case,20.1
7e99aed3-d393-44da-b4c1-a33ea1fee2f7,3,jewelry_case,32.7
7e99aed3-d393-44da-b4c1-a33ea1fee2f7,4,jewelry_case,23.2
7e99aed3-d393-44da-b4c1-a33ea1fee2f7,5,hat_box,31.0
f756cce2-658b-4f13-800f-ed63be889a98,1,canvas_bag,19.0
ee7ae74b-64a0-403d-ab06-9945968a950e,1,canvas_bag,11.5
ee7ae74b-64a0-403d-ab06-9945968a950e,2,canvas_bag,19.6
e06b7627-2dc0-470d-a332-ad2ba45889b3,1,small_suitcase,16.6
1d675019-aba2-485c-995d-11edd4c0309b,1,travel_bag,17.5
1d675019-aba2-485c-995d-11edd4c0309b,2,leather_case,20.1
f546f252-88e7-433f-b2bb-4777aaef40c8,1,suitcase,28.1
f546f252-88e7-433f-b2bb-4777aaef40c8,2,jewelry_case,47.6
f546f252-88e7-433f-b2bb-4777aaef40c8,3,wardrobe_trunk,47.1
f546f252-88e7-433f-b2bb-4777aaef40c8,4,hat_box,38.0
f546f252-88e7-433f-b2bb-4777aaef40c8,5,jewelry_case,23.8
6c7a7dc4-e45f-4404-a361-4b8639182fee,1,duffel_bag,7.2
f33b1e86-e3cc-4c9d-b566-658fc7c54beb,1,leather_case,32.6
f33b1e86-e3cc-4c9d-b566-658fc7c54beb,2,leather_case,34.9
b1aa25dc-b530-4ccf-aadc-fac78ec19605,1,travel_bag,31.5
b1aa25dc-b530-4ccf-aadc-fac78ec19605,2,small_trunk,18.3
b1aa25dc-b530-4ccf-aadc-fac78ec19605,3,leather_case,11.2
20997727-bbc5-4782-847d-498f7970f4bd,1,small_trunk,30.0
20997727-bbc5-4782-847d-498f7970f4bd,2,travel_bag,11.5
d2accd5f-fd88-49c5-8a81-2fc2b1ffd588,1,trunk,28.5
d2accd5f-fd88-49c5-8a81-2fc2b1ffd588,2,hat_box,31.7
d2accd5f-fd88-49c5-8a81-2fc2b1ffd588,3,jewelry_case,32.5
d2accd5f-fd88-49c5-8a81-2fc2b1ffd588,4,wardrobe_trunk,22.6
0e24e1bd-fba0-4b80-8b12-2f5b4a88243b,1,duffel_bag,20.1
0e24e1bd-fba0-4b80-8b12-2f5b4a88243b,2,cloth_bundle,17.2
d93289d9-d92a-4f6f-ad9f-8eaf31a2668c,1,small_suitcase,13.2
11091cf1-3328-49c2-a2d4-b8f50dc72a83,1,cloth_bundle,11.1
11091cf1-3328-49c2-a2d4-b8f50dc72a83,2,cloth_bundle,13.4
2606c027-8025-49ef-8b30-2663c7cbe0b2,1,suitcase,35.3
2606c027-8025-49ef-8b30-2663c7cbe0b2,2,trunk,15.3
2606c027-8025-49ef-8b30-2663c7cbe0b2,3,trunk,39.9
2606c027-8025-49ef-8b30-2663c7cbe0b2,4,wardrobe_trunk,29.3
b9de9cde-ea17-43af-9b57-0cdf2dc2e85a,1,trunk,34.7
b9de9cde-ea17-43af-9b57-0cdf2dc2e85a,2,hat_box,23.8
b9de9cde-ea17-43af-9b57-0cdf2dc2e85a,3,wardrobe_trunk,40.9
b9de9cde-ea17-43af-9b57-0cdf2dc2e85a,4,jewelry_case,38.2
d6a223dc-aeca-448b-b5fe-7277c43b0eed,1,canvas_bag,10.2
d6a223dc-aeca-448b-b5fe-7277c43b0eed,2,cloth_bundle,12.9
8a923ee4-3def-4d19-9a3b-73658a216416,1,suitcase,20.1
8a923ee4-3def-4d19-9a3b-73658a216416,2,suitcase,25.5
8a923ee4-3def-4d19-9a3b-73658a216416,3,small_trunk,21.9
d54c52c6-3604-433d-a4eb-6977aa3cef49,1,canvas_bag,17.9
297a9fcb-f68a-4b37-a8fe-3c673bd16f9e,1,cloth_bundle,24.6
297a9fcb-f68a-4b37-a8fe-3c673bd16f9e,2,small_suitcase,9.4
a49a1495-8bda-4b8a-b55a-977c4e6a7959,1,duffel_bag,21.5
f3ac8c21-380b-4933-813e-4e075546e8e9,1,small_suitcase,20.0
f3ac8c21-380b-4933-813e-4e075546e8e9,2,cloth_bundle,7.5
534a6106-c251-48b8-9604-6945329f181a,1,jewelry_case,34.4
534a6106-c251-48b8-9604-6945329f181a,2,hat_box,22.5
534a6106-c251-48b8-9604-6945329f181a,3,wardrobe_trunk,49.1
534a6106-c251-48b8-9604-6945329f181a,4,suitcase,18.1
a4bf0b04-d097-4336-9f4e-08b2d4803a92,1,leather_case,11.7
a4bf0b04-d097-4336-9f4e-08b2d4803a92,2,small_trunk,19.7
a4bf0b04-d097-4336-9f4e-08b2d4803a92,3,small_trunk,24.7
1493c85f-7eca-4b1c-be99-fa75afc33706,1,small_suitcase,19.5
2c3f6bfe-bf7f-4066-b0db-3609069baae4,1,small_suitcase,12.2
2c3f6bfe-bf7f-4066-b0db-3609069baae4,2,small_suitcase,22.6
5e9217fa-4e0a-4408-9610-1a30985f1499,1,travel_bag,19.4
5e9217fa-4e0a-4408-9610-1a30985f1499,2,leather_case,31.9
de872d75-b41e-47d3-aaa6-254a62973fbf,1,duffel_bag,10.6
de872d75-b41e-47d3-aaa6-254a62973fbf,2,small_suitcase,23.8
8a98d598-6b10-45a8-98f5-5283ff8aa317,1,cloth_bundle,16.9
79e179d2-8fd2-42e3-8e25-6d1124861a45,1,travel_bag,20.4
79e179d2-8fd2-42e3-8e25-6d1124861a45,2,travel_bag,33.1
a53b93a9-a0fe-4e83-ac58-a74c32825abe,1,suitcase,32.3
a53b93a9-a0fe-4e83-ac58-a74c32825abe,2,hat_box,39.8
a53b93a9-a0fe-4e83-ac58-a74c32825abe,3,jewelry_case,44.2
a53b93a9-a0fe-4e83-ac58-a74c32825abe,4,suitcase,27.7
c89d25cf-49ac-4aaf-a614-b2cf8754bc13,1,small_suitcase,17.0
c89d25cf-49ac-4aaf-a614-b2cf8754bc13,2,small_suitcase,13.9
2094390f-10db-4ca3-9693-ef5795da5446,1,trunk,46.5
2094390f-10db-4ca3-9693-ef5795da5446,2,hat_box,17.8
2094390f-10db-4ca3-9693-ef5795da5446,3,wardrobe_trunk,34.6
2094390f-10db-4ca3-9693-ef5795da5446,4,jewelry_case,18.4
2094390f-10db-4ca3-9693-ef5795da5446,5,suitcase,26.1
b64de32c-dfbc-4e27-a2dc-a2af3e5597c5,1,cloth_bundle,5.0
